opportunity_id,customer_id,customer_name,customer_type,product_id,product_name,category,product_price,product_views,added_to_cart,checkout_started,cart_value,previous_orders,previous_spend,channel,message,activity_timestamp,purchase_status,purchase_value,intent_score,intent_level,buying_signals,barrier,purchase_stage,urgency,recommended_action,recommended_offer
OPP_00001,CUST_14165,Riya Patel,New,NH002,Brown Wavy Clip-In Extensions,Hair Extensions,7499,3,True,True,7499,0,0,Website Chat,Which one would be best for thin hair?,2026-08-12 20:59:00,Purchased,7499,72,Medium,"['Multiple product views', 'Added product to cart', 'Started checkout']",Product suitability,Checkout,Normal,Recommend the most suitable product for the shopper,
OPP_00002,CUST_87236,Simran Iyer,New,NH010,Human Hair Wig - Natural Black,Wigs,14999,8,True,True,29998,0,0,WhatsApp,Is there any discount available on this?,2026-08-17 06:16:00,Purchased,29998,90,High,"['Repeated product views', 'Added product to cart', 'Started checkout', 'High-value cart']",Price,Checkout,Normal,Address the price concern and share applicable offers,
OPP_00003,CUST_55082,Shreya Kapoor,New,NH007,Hair Topper - Brown,Hair Toppers,8999,5,True,True,17998,0,0,WhatsApp,The price is a little high. Is there a better price available?,2026-08-11 19:54:00,Purchased,17998,90,High,"['Repeated product views', 'Added product to cart', 'Started checkout', 'High-value cart']",Price,Checkout,Normal,Address the price concern and share applicable offers,
OPP_00004,CUST_19116,Aarav Malhotra,New,NH009,Wavy Ponytail Extension,Ponytails,5499,3,True,True,5499,0,0,Website Chat,I loved my previous order. Which product is closest to it?,2026-08-23 19:03:00,Purchased,5499,72,Medium,"['Multiple product views', 'Added product to cart', 'Started checkout']",Product suitability,Checkout,Normal,Recommend the most suitable product for the shopper,
OPP_00005,CUST_99593,Ananya Gupta,Returning,NH002,Brown Wavy Clip-In Extensions,Hair Extensions,7499,4,True,True,7499,1,28911,Website Chat,I'm not sure which type would suit my hair. Can you help?,2026-08-17 23:12:00,Purchased,7499,82,High,"['Multiple product views', 'Added product to cart', 'Started checkout', 'Returning customer']",Product suitability,Checkout,Normal,Recommend the most suitable product for the shopper,
OPP_00006,CUST_14207,Aditi Desai,New,NH004,Luxury Wavy Human Hair Extensions,Hair Extensions,10999,6,True,True,10999,0,0,Email,Is this shade currently available?,2026-08-06 04:13:00,Purchased,10999,90,High,"['Repeated product views', 'Added product to cart', 'Started checkout', 'High-value cart']",Color matching,Checkout,Normal,Help the shopper choose the closest color match,
OPP_00007,CUST_28726,Simran Mehta,Returning,NH010,Human Hair Wig - Natural Black,Wigs,14999,5,False,False,0,3,17934,Website Chat,Can you help me select the closest shade?,2026-08-14 03:34:00,Not Purchased,0,30,Low,"['Repeated product views', 'Returning customer']",Color matching,Consideration,Normal,Help the shopper choose the closest color match,
OPP_00008,CUST_21915,Aarav Agarwal,New,NH009,Wavy Ponytail Extension,Ponytails,5499,6,True,True,5499,0,0,WhatsApp,Is cash on delivery available?,2026-08-15 15:40:00,Purchased,5499,80,High,"['Repeated product views', 'Added product to cart', 'Started checkout']",Delivery,Checkout,Normal,Confirm delivery availability and expected delivery date,
OPP_00009,CUST_82512,Riya Malhotra,Returning,NH003,Premium Straight Human Hair Extensions,Hair Extensions,8999,6,True,True,17998,4,43086,WhatsApp,Can you confirm if this can be delivered by Friday?,2026-08-21 12:12:00,Purchased,17998,100,High,"['Repeated product views', 'Added product to cart', 'Started checkout', 'Returning customer', 'High-value cart']",Delivery,Checkout,High,Confirm delivery availability and expected delivery date,
OPP_00010,CUST_44522,Arjun Iyer,Returning,NH009,Wavy Ponytail Extension,Ponytails,5499,6,True,True,5499,6,26293,Website Chat,Can you confirm if this can be delivered by Friday?,2026-08-22 03:24:00,Not Purchased,0,90,High,"['Repeated product views', 'Added product to cart', 'Started checkout', 'Returning customer']",Delivery,Checkout,High,Confirm delivery availability and expected delivery date,"{'type': 'Loyalty discount', 'value': 10, 'description': '10% loyalty discount, up to ₹1,500'}"
OPP_00011,CUST_74042,Riya Patel,Returning,NH002,Brown Wavy Clip-In Extensions,Hair Extensions,7499,3,True,True,7499,3,37270,Email,Can I pay using UPI?,2026-08-06 19:46:00,Purchased,7499,82,High,"['Multiple product views', 'Added product to cart', 'Started checkout', 'Returning customer']",Payment,Checkout,Normal,Explain available payment options,
OPP_00012,CUST_79822,Priya Mehta,New,NH001,Natural Black Clip-In Extensions,Hair Extensions,6999,2,True,False,6999,0,0,Instagram,What is your return policy if the shade doesn't match?,2026-08-07 09:45:00,Not Purchased,0,25,Low,['Added product to cart'],Color matching,Cart,Normal,Help the shopper choose the closest color match,
OPP_00013,CUST_98039,Pooja Verma,Returning,NH009,Wavy Ponytail Extension,Ponytails,5499,8,True,True,5499,4,17880,Instagram,I bought from you before. Do you have the same shade again?,2026-08-07 00:23:00,Purchased,5499,90,High,"['Repeated product views', 'Added product to cart', 'Started checkout', 'Returning customer']",Color matching,Checkout,Normal,Help the shopper choose the closest color match,
OPP_00014,CUST_92719,Aarav Shah,New,NH004,Luxury Wavy Human Hair Extensions,Hair Extensions,10999,7,True,True,10999,0,0,WhatsApp,I need this for a wedding next Saturday. Can it reach me before then?,2026-08-20 22:28:00,Purchased,10999,90,High,"['Repeated product views', 'Added product to cart', 'Started checkout', 'High-value cart']",Delivery,Checkout,High,Confirm delivery availability and expected delivery date,
OPP_00015,CUST_84847,Sanya Verma,New,NH006,Hair Topper - Natural Black,Hair Toppers,8499,8,True,True,8499,0,0,Website Chat,Do you have any offer running right now?,2026-08-19 18:00:00,Purchased,8499,80,High,"['Repeated product views', 'Added product to cart', 'Started checkout']",Price,Checkout,Normal,Address the price concern and share applicable offers,
OPP_00016,CUST_17100,Neha Sharma,New,NH007,Hair Topper - Brown,Hair Toppers,8999,6,True,True,17998,0,0,Instagram,Can you confirm if this can be delivered by Friday?,2026-08-09 02:18:00,Purchased,17998,90,High,"['Repeated product views', 'Added product to cart', 'Started checkout', 'High-value cart']",Delivery,Checkout,High,Confirm delivery availability and expected delivery date,
OPP_00017,CUST_42742,Ananya Verma,New,NH002,Brown Wavy Clip-In Extensions,Hair Extensions,7499,6,True,True,7499,0,0,WhatsApp,Is there any discount available on this?,2026-08-16 05:09:00,Purchased,7499,80,High,"['Repeated product views', 'Added product to cart', 'Started checkout']",Price,Checkout,Normal,Address the price concern and share applicable offers,
OPP_00018,CUST_31579,Sneha Sharma,Returning,NH009,Wavy Ponytail Extension,Ponytails,5499,6,True,True,10998,1,19491,Instagram,Do you have any offer running right now?,2026-08-22 11:00:00,Not Purchased,0,100,High,"['Repeated product views', 'Added product to cart', 'Started checkout', 'Returning customer', 'High-value cart']",Price,Checkout,Normal,Address the price concern and share applicable offers,"{'type': 'Fixed discount', 'value': 1000, 'description': '₹1,000 off on the current cart'}"
OPP_00019,CUST_34890,Nisha Shah,New,NH008,Natural Black Ponytail Extension,Ponytails,4999,6,False,False,0,0,0,WhatsApp,Can you help me select the closest shade?,2026-08-18 02:48:00,Not Purchased,0,20,Low,['Repeated product views'],Color matching,Consideration,Normal,Help the shopper choose the closest color match,
OPP_00020,CUST_76562,Ananya Agarwal,New,NH009,Wavy Ponytail Extension,Ponytails,5499,2,True,False,5499,0,0,Website Chat,Which one would be best for thin hair?,2026-08-14 21:58:00,Purchased,5499,25,Low,['Added product to cart'],Product suitability,Cart,Normal,Recommend the most suitable product for the shopper,
OPP_00021,CUST_15209,Shreya Patel,New,NH002,Brown Wavy Clip-In Extensions,Hair Extensions,7499,3,True,False,7499,0,0,Instagram,The price is a little high. Is there a better price available?,2026-08-14 15:45:00,Not Purchased,0,37,Low,"['Multiple product views', 'Added product to cart']",Price,Cart,Normal,Address the price concern and share applicable offers,
OPP_00022,CUST_61876,Priya Malhotra,New,NH010,Human Hair Wig - Natural Black,Wigs,14999,4,True,True,14999,0,0,Email,Can I place the order now?,2026-08-08 13:40:00,Purchased,14999,82,High,"['Multiple product views', 'Added product to cart', 'Started checkout', 'High-value cart']",No clear barrier,Checkout,Normal,Follow up with the high-intent shopper,
OPP_00023,CUST_37938,Arjun Kapoor,New,NH002,Brown Wavy Clip-In Extensions,Hair Extensions,7499,6,False,False,0,0,0,Website Chat,Can I pay using UPI?,2026-08-21 10:04:00,Purchased,0,20,Low,['Repeated product views'],Payment,Consideration,Normal,Explain available payment options,
OPP_00024,CUST_82692,Nisha Malhotra,Returning,NH002,Brown Wavy Clip-In Extensions,Hair Extensions,7499,7,True,True,7499,3,22676,WhatsApp,Is there any discount available on this?,2026-08-07 09:26:00,Purchased,7499,90,High,"['Repeated product views', 'Added product to cart', 'Started checkout', 'Returning customer']",Price,Checkout,Normal,Address the price concern and share applicable offers,
OPP_00025,CUST_93130,Simran Singh,Returning,NH002,Brown Wavy Clip-In Extensions,Hair Extensions,7499,5,True,True,7499,6,40256,Instagram,Do you have any offer running right now?,2026-08-21 23:26:00,Purchased,7499,90,High,"['Repeated product views', 'Added product to cart', 'Started checkout', 'Returning customer']",Price,Checkout,Normal,Address the price concern and share applicable offers,
OPP_00026,CUST_44335,Ishita Rao,New,NH001,Natural Black Clip-In Extensions,Hair Extensions,6999,4,True,True,6999,0,0,Instagram,Do you have this in natural black right now?,2026-08-17 10:23:00,Purchased,6999,72,Medium,"['Multiple product views', 'Added product to cart', 'Started checkout']",No clear barrier,Checkout,Normal,Nurture the shopper and provide useful product information,
OPP_00027,CUST_86350,Vikram Mehta,New,NH007,Hair Topper - Brown,Hair Toppers,8999,8,True,False,8999,0,0,Instagram,I need this for a wedding next Saturday. Can it reach me before then?,2026-08-02 07:50:00,Not Purchased,0,45,Medium,"['Repeated product views', 'Added product to cart']",Delivery,Cart,High,Confirm delivery availability and expected delivery date,
OPP_00028,CUST_97416,Neha Joshi,New,NH005,Invisible Tape Hair Extensions,Hair Extensions,11999,3,True,False,11999,0,0,Instagram,I have added this to my cart. Is anything else needed to complete the order?,2026-08-18 10:18:00,Not Purchased,0,47,Medium,"['Multiple product views', 'Added product to cart', 'High-value cart']",No clear barrier,Cart,Normal,Nurture the shopper and provide useful product information,
OPP_00029,CUST_53540,Tanya Iyer,Returning,NH003,Premium Straight Human Hair Extensions,Hair Extensions,8999,4,True,False,8999,2,14649,Website Chat,Can I place the order now?,2026-08-04 23:56:00,Purchased,8999,47,Medium,"['Multiple product views', 'Added product to cart', 'Returning customer']",No clear barrier,Cart,Normal,Nurture the shopper and provide useful product information,
OPP_00030,CUST_39831,Meera Sharma,New,NH002,Brown Wavy Clip-In Extensions,Hair Extensions,7499,6,True,True,14998,0,0,Website Chat,How many days will delivery take to my city?,2026-08-08 20:16:00,Purchased,14998,90,High,"['Repeated product views', 'Added product to cart', 'Started checkout', 'High-value cart']",Delivery,Checkout,Normal,Confirm delivery availability and expected delivery date,
OPP_00031,CUST_53404,Riya Patel,Returning,NH005,Invisible Tape Hair Extensions,Hair Extensions,11999,5,False,False,0,3,27012,Email,Will this match my natural hair color?,2026-08-14 14:04:00,Not Purchased,0,30,Low,"['Repeated product views', 'Returning customer']",Color matching,Consideration,Normal,Help the shopper choose the closest color match,
OPP_00032,CUST_89457,Arjun Patel,New,NH005,Invisible Tape Hair Extensions,Hair Extensions,11999,4,False,False,0,0,0,Instagram,Do you offer EMI or other payment options?,2026-08-05 16:48:00,Not Purchased,0,12,Low,['Multiple product views'],Price,Consideration,Normal,Address the price concern and share applicable offers,
OPP_00033,CUST_97900,Kavya Joshi,New,NH005,Invisible Tape Hair Extensions,Hair Extensions,11999,6,False,False,0,0,0,Instagram,Is this shade currently available?,2026-08-22 23:12:00,Not Purchased,0,20,Low,['Repeated product views'],Color matching,Consideration,Normal,Help the shopper choose the closest color match,
OPP_00034,CUST_50538,Tanya Joshi,New,NH006,Hair Topper - Natural Black,Hair Toppers,8499,2,False,False,0,0,0,Instagram,Can you help me select the closest shade?,2026-08-08 02:28:00,Not Purchased,0,0,Low,[],Color matching,Discovery,Normal,Help the shopper choose the closest color match,
OPP_00035,CUST_90676,Sanya Kapoor,New,NH009,Wavy Ponytail Extension,Ponytails,5499,5,False,False,0,0,0,Instagram,Do you have this in natural black right now?,2026-08-20 08:19:00,Not Purchased,0,20,Low,['Repeated product views'],No clear barrier,Consideration,Normal,No immediate action required,
OPP_00036,CUST_67954,Kavya Singh,New,NH001,Natural Black Clip-In Extensions,Hair Extensions,6999,7,True,True,6999,0,0,Instagram,The price is a little high. Is there a better price available?,2026-08-05 05:40:00,Purchased,6999,80,High,"['Repeated product views', 'Added product to cart', 'Started checkout']",Price,Checkout,Normal,Address the price concern and share applicable offers,
OPP_00037,CUST_39444,Kavya Mehta,New,NH002,Brown Wavy Clip-In Extensions,Hair Extensions,7499,6,True,False,7499,0,0,WhatsApp,Will this match my natural hair color?,2026-08-06 22:43:00,Not Purchased,0,45,Medium,"['Repeated product views', 'Added product to cart']",Color matching,Cart,Normal,Help the shopper choose the closest color match,
OPP_00038,CUST_35485,Sneha Verma,New,NH008,Natural Black Ponytail Extension,Ponytails,4999,2,False,False,0,0,0,Instagram,What types of hair extensions do you have?,2026-08-04 17:35:00,Not Purchased,0,0,Low,[],No clear barrier,Discovery,Normal,No immediate action required,
OPP_00039,CUST_25906,Rahul Mehta,Returning,NH001,Natural Black Clip-In Extensions,Hair Extensions,6999,8,True,True,6999,1,31862,Instagram,The price is a little high. Is there a better price available?,2026-08-13 11:04:00,Purchased,6999,90,High,"['Repeated product views', 'Added product to cart', 'Started checkout', 'Returning customer']",Price,Checkout,Normal,Address the price concern and share applicable offers,
OPP_00040,CUST_81810,Rahul Mehta,New,NH009,Wavy Ponytail Extension,Ponytails,5499,6,True,True,10998,0,0,Instagram,Can I place the order now?,2026-08-07 06:33:00,Purchased,10998,90,High,"['Repeated product views', 'Added product to cart', 'Started checkout', 'High-value cart']",No clear barrier,Checkout,Normal,Follow up with the high-intent shopper,
OPP_00041,CUST_54020,Aditi Singh,Returning,NH004,Luxury Wavy Human Hair Extensions,Hair Extensions,10999,3,True,True,10999,3,38163,WhatsApp,Is this real human hair?,2026-08-04 19:22:00,Purchased,10999,92,High,"['Multiple product views', 'Added product to cart', 'Started checkout', 'Returning customer', 'High-value cart']",Product quality,Checkout,Normal,Answer the shopper's product quality questions,
OPP_00042,CUST_71069,Tanya Sharma,New,NH004,Luxury Wavy Human Hair Extensions,Hair Extensions,10999,4,True,True,21998,0,0,Website Chat,Do you have any offer running right now?,2026-08-10 05:42:00,Purchased,21998,82,High,"['Multiple product views', 'Added product to cart', 'Started checkout', 'High-value cart']",Price,Checkout,Normal,Address the price concern and share applicable offers,
OPP_00043,CUST_61116,Tanya Singh,Returning,NH010,Human Hair Wig - Natural Black,Wigs,14999,2,False,False,0,1,41728,Website Chat,When will this product be back in stock?,2026-08-06 08:50:00,Not Purchased,0,10,Low,['Returning customer'],Availability,Discovery,Normal,Confirm product availability or expected restock,
OPP_00044,CUST_71261,Priya Gupta,New,NH005,Invisible Tape Hair Extensions,Hair Extensions,11999,5,True,True,23998,0,0,WhatsApp,How many days will delivery take to my city?,2026-08-14 20:15:00,Purchased,23998,90,High,"['Repeated product views', 'Added product to cart', 'Started checkout', 'High-value cart']",Delivery,Checkout,Normal,Confirm delivery availability and expected delivery date,
OPP_00045,CUST_44099,Sneha Joshi,New,NH010,Human Hair Wig - Natural Black,Wigs,14999,6,True,True,29998,0,0,Website Chat,How many days will delivery take to my city?,2026-08-08 19:30:00,Purchased,29998,90,High,"['Repeated product views', 'Added product to cart', 'Started checkout', 'High-value cart']",Delivery,Checkout,Normal,Confirm delivery availability and expected delivery date,
OPP_00046,CUST_12540,Vikram Sharma,Returning,NH006,Hair Topper - Natural Black,Hair Toppers,8499,2,False,False,0,4,22235,Email,What types of hair extensions do you have?,2026-08-16 04:03:00,Purchased,0,10,Low,['Returning customer'],No clear barrier,Discovery,Normal,No immediate action required,
OPP_00047,CUST_29973,Meera Mehta,Returning,NH002,Brown Wavy Clip-In Extensions,Hair Extensions,7499,1,False,False,0,6,6638,Instagram,Can you tell me more about your products?,2026-08-03 23:28:00,Purchased,0,10,Low,['Returning customer'],No clear barrier,Discovery,Normal,No immediate action required,
OPP_00048,CUST_25012,Ishita Kapoor,Returning,NH010,Human Hair Wig - Natural Black,Wigs,14999,1,False,False,0,4,20793,WhatsApp,Can you tell me more about your products?,2026-08-01 23:01:00,Not Purchased,0,10,Low,['Returning customer'],No clear barrier,Discovery,Normal,No immediate action required,
OPP_00049,CUST_92213,Meera Patel,New,NH005,Invisible Tape Hair Extensions,Hair Extensions,11999,6,True,True,11999,0,0,Email,I've purchased from you before. Is this the same quality?,2026-08-15 00:54:00,Purchased,11999,90,High,"['Repeated product views', 'Added product to cart', 'Started checkout', 'High-value cart']",Product quality,Checkout,Normal,Answer the shopper's product quality questions,
OPP_00050,CUST_94874,Aditi Sharma,Returning,NH002,Brown Wavy Clip-In Extensions,Hair Extensions,7499,5,False,False,0,5,6691,Instagram,Will this work for short hair?,2026-08-03 18:38:00,Purchased,0,30,Low,"['Repeated product views', 'Returning customer']",No clear barrier,Consideration,Normal,No immediate action required,
OPP_00051,CUST_80539,Karan Verma,Returning,NH007,Hair Topper - Brown,Hair Toppers,8999,5,True,False,8999,6,34129,Instagram,Can you help me select the closest shade?,2026-08-14 20:34:00,Not Purchased,0,55,Medium,"['Repeated product views', 'Added product to cart', 'Returning customer']",Color matching,Cart,Normal,Help the shopper choose the closest color match,
OPP_00052,CUST_97580,Sneha Joshi,New,NH005,Invisible Tape Hair Extensions,Hair Extensions,11999,2,True,False,23998,0,0,WhatsApp,Will this work for short hair?,2026-08-20 17:44:00,Not Purchased,0,35,Low,"['Added product to cart', 'High-value cart']",No clear barrier,Cart,Normal,No immediate action required,
OPP_00053,CUST_77715,Kavya Patel,New,NH006,Hair Topper - Natural Black,Hair Toppers,8499,5,True,True,8499,0,0,Website Chat,The price is a little high. Is there a better price available?,2026-08-10 14:57:00,Purchased,8499,80,High,"['Repeated product views', 'Added product to cart', 'Started checkout']",Price,Checkout,Normal,Address the price concern and share applicable offers,
OPP_00054,CUST_12260,Ananya Kapoor,New,NH008,Natural Black Ponytail Extension,Ponytails,4999,5,False,False,0,0,0,Website Chat,Will this work for short hair?,2026-08-17 02:48:00,Not Purchased,0,20,Low,['Repeated product views'],No clear barrier,Consideration,Normal,No immediate action required,
OPP_00055,CUST_69473,Simran Kapoor,New,NH004,Luxury Wavy Human Hair Extensions,Hair Extensions,10999,5,True,True,10999,0,0,Email,Is cash on delivery available?,2026-08-04 02:53:00,Purchased,10999,90,High,"['Repeated product views', 'Added product to cart', 'Started checkout', 'High-value cart']",Delivery,Checkout,Normal,Confirm delivery availability and expected delivery date,
OPP_00056,CUST_46241,Sanya Iyer,New,NH004,Luxury Wavy Human Hair Extensions,Hair Extensions,10999,1,False,False,0,0,0,Email,What types of hair extensions do you have?,2026-08-20 07:43:00,Not Purchased,0,0,Low,[],No clear barrier,Discovery,Normal,No immediate action required,
OPP_00057,CUST_17146,Vikram Kapoor,New,NH004,Luxury Wavy Human Hair Extensions,Hair Extensions,10999,4,True,False,10999,0,0,Website Chat,Do you have this in natural black right now?,2026-08-21 03:17:00,Purchased,10999,47,Medium,"['Multiple product views', 'Added product to cart', 'High-value cart']",No clear barrier,Cart,Normal,Nurture the shopper and provide useful product information,
OPP_00058,CUST_16734,Simran Agarwal,New,NH008,Natural Black Ponytail Extension,Ponytails,4999,5,True,True,9998,0,0,Instagram,I need this for a wedding next Saturday. Can it reach me before then?,2026-08-20 01:59:00,Purchased,9998,80,High,"['Repeated product views', 'Added product to cart', 'Started checkout']",Delivery,Checkout,High,Confirm delivery availability and expected delivery date,
OPP_00059,CUST_83772,Nisha Patel,New,NH002,Brown Wavy Clip-In Extensions,Hair Extensions,7499,8,True,True,7499,0,0,Website Chat,I need this for a wedding next Saturday. Can it reach me before then?,2026-08-14 01:46:00,Purchased,7499,80,High,"['Repeated product views', 'Added product to cart', 'Started checkout']",Delivery,Checkout,High,Confirm delivery availability and expected delivery date,
OPP_00060,CUST_68028,Nisha Agarwal,New,NH007,Hair Topper - Brown,Hair Toppers,8999,1,False,False,0,0,0,Instagram,I'm just exploring your hair extensions. What do you recommend?,2026-08-14 07:32:00,Not Purchased,0,0,Low,[],Product suitability,Discovery,Normal,Recommend the most suitable product for the shopper,
OPP_00061,CUST_44687,Ananya Mehta,New,NH010,Human Hair Wig - Natural Black,Wigs,14999,3,True,False,14999,0,0,Website Chat,I want to order this today. How do I proceed?,2026-08-13 22:27:00,Not Purchased,0,47,Medium,"['Multiple product views', 'Added product to cart', 'High-value cart']",No clear barrier,Cart,High,Nurture the shopper and provide useful product information,
OPP_00062,CUST_69510,Ananya Malhotra,New,NH002,Brown Wavy Clip-In Extensions,Hair Extensions,7499,6,True,True,7499,0,0,Website Chat,When will this product be back in stock?,2026-08-19 07:15:00,Purchased,7499,80,High,"['Repeated product views', 'Added product to cart', 'Started checkout']",Availability,Checkout,Normal,Confirm product availability or expected restock,
OPP_00063,CUST_44816,Priya Patel,New,NH010,Human Hair Wig - Natural Black,Wigs,14999,6,True,True,14999,0,0,WhatsApp,I want to order this today. How do I proceed?,2026-08-19 09:52:00,Purchased,14999,90,High,"['Repeated product views', 'Added product to cart', 'Started checkout', 'High-value cart']",No clear barrier,Checkout,High,Follow up with the high-intent shopper,
OPP_00064,CUST_49857,Sneha Kapoor,New,NH005,Invisible Tape Hair Extensions,Hair Extensions,11999,2,False,False,0,0,0,Instagram,I'm just exploring your hair extensions. What do you recommend?,2026-08-03 04:55:00,Not Purchased,0,0,Low,[],Product suitability,Discovery,Normal,Recommend the most suitable product for the shopper,
OPP_00065,CUST_85392,Sanya Sharma,New,NH010,Human Hair Wig - Natural Black,Wigs,14999,4,True,True,14999,0,0,Email,Do you have this in natural black right now?,2026-08-02 06:58:00,Not Purchased,0,82,High,"['Multiple product views', 'Added product to cart', 'Started checkout', 'High-value cart']",No clear barrier,Checkout,Normal,Follow up with the high-intent shopper,
OPP_00066,CUST_71605,Pooja Desai,New,NH003,Premium Straight Human Hair Extensions,Hair Extensions,8999,4,True,False,17998,0,0,Email,I have dark brown hair. Which shade should I choose?,2026-08-16 14:58:00,Not Purchased,0,47,Medium,"['Multiple product views', 'Added product to cart', 'High-value cart']",Color matching,Cart,Normal,Help the shopper choose the closest color match,
OPP_00067,CUST_82102,Aarav Verma,Returning,NH002,Brown Wavy Clip-In Extensions,Hair Extensions,7499,4,False,False,0,3,30977,WhatsApp,I have dark brown hair. Which shade should I choose?,2026-08-07 02:50:00,Not Purchased,0,22,Low,"['Multiple product views', 'Returning customer']",Color matching,Consideration,Normal,Help the shopper choose the closest color match,
OPP_00068,CUST_64165,Aarav Shah,New,NH006,Hair Topper - Natural Black,Hair Toppers,8499,1,False,False,0,0,0,Email,Can you tell me more about your products?,2026-08-18 14:07:00,Not Purchased,0,0,Low,[],No clear barrier,Discovery,Normal,No immediate action required,
OPP_00069,CUST_47752,Rahul Rao,New,NH008,Natural Black Ponytail Extension,Ponytails,4999,1,False,False,0,0,0,Instagram,What types of hair extensions do you have?,2026-08-02 00:45:00,Not Purchased,0,0,Low,[],No clear barrier,Discovery,Normal,No immediate action required,
OPP_00070,CUST_25396,Priya Verma,Returning,NH010,Human Hair Wig - Natural Black,Wigs,14999,2,True,True,14999,6,14379,Email,I'm not sure which type would suit my hair. Can you help?,2026-08-17 10:14:00,Purchased,14999,80,High,"['Added product to cart', 'Started checkout', 'Returning customer', 'High-value cart']",Product suitability,Checkout,Normal,Recommend the most suitable product for the shopper,
OPP_00071,CUST_88561,Arjun Rao,New,NH005,Invisible Tape Hair Extensions,Hair Extensions,11999,5,True,False,23998,0,0,Website Chat,Is this real human hair?,2026-08-07 15:52:00,Purchased,23998,55,Medium,"['Repeated product views', 'Added product to cart', 'High-value cart']",Product quality,Cart,Normal,Answer the shopper's product quality questions,
OPP_00072,CUST_49132,Sanya Gupta,New,NH007,Hair Topper - Brown,Hair Toppers,8999,2,False,False,0,0,0,Instagram,What types of hair extensions do you have?,2026-08-11 12:52:00,Not Purchased,0,0,Low,[],No clear barrier,Discovery,Normal,No immediate action required,
OPP_00073,CUST_41300,Sanya Desai,New,NH009,Wavy Ponytail Extension,Ponytails,5499,6,True,False,5499,0,0,Website Chat,Will this work for short hair?,2026-08-02 08:50:00,Not Purchased,0,45,Medium,"['Repeated product views', 'Added product to cart']",No clear barrier,Cart,Normal,Nurture the shopper and provide useful product information,
OPP_00074,CUST_67711,Neha Singh,Returning,NH006,Hair Topper - Natural Black,Hair Toppers,8499,3,True,True,8499,6,28984,Instagram,Is this shade currently available?,2026-08-17 19:33:00,Not Purchased,0,82,High,"['Multiple product views', 'Added product to cart', 'Started checkout', 'Returning customer']",Color matching,Checkout,Normal,Help the shopper choose the closest color match,"{'type': 'Loyalty discount', 'value': 10, 'description': '10% loyalty discount, up to ₹1,500'}"
OPP_00075,CUST_62098,Ananya Agarwal,New,NH003,Premium Straight Human Hair Extensions,Hair Extensions,8999,3,True,False,8999,0,0,Email,Can you help me select the closest shade?,2026-08-20 22:18:00,Not Purchased,0,37,Low,"['Multiple product views', 'Added product to cart']",Color matching,Cart,Normal,Help the shopper choose the closest color match,
OPP_00076,CUST_18968,Meera Malhotra,New,NH009,Wavy Ponytail Extension,Ponytails,5499,5,False,False,0,0,0,Email,Which one would be best for thin hair?,2026-08-18 08:50:00,Purchased,0,20,Low,['Repeated product views'],Product suitability,Consideration,Normal,Recommend the most suitable product for the shopper,
OPP_00077,CUST_49251,Riya Sharma,New,NH002,Brown Wavy Clip-In Extensions,Hair Extensions,7499,8,True,True,7499,0,0,Email,I need this for a wedding next Saturday. Can it reach me before then?,2026-08-08 01:13:00,Purchased,7499,80,High,"['Repeated product views', 'Added product to cart', 'Started checkout']",Delivery,Checkout,High,Confirm delivery availability and expected delivery date,
OPP_00078,CUST_20350,Shreya Agarwal,New,NH006,Hair Topper - Natural Black,Hair Toppers,8499,7,True,True,8499,0,0,Instagram,The price is a little high. Is there a better price available?,2026-08-16 22:04:00,Purchased,8499,80,High,"['Repeated product views', 'Added product to cart', 'Started checkout']",Price,Checkout,Normal,Address the price concern and share applicable offers,
OPP_00079,CUST_70981,Nisha Malhotra,New,NH004,Luxury Wavy Human Hair Extensions,Hair Extensions,10999,3,True,True,10999,0,0,Website Chat,Is cash on delivery available?,2026-08-11 10:14:00,Not Purchased,0,82,High,"['Multiple product views', 'Added product to cart', 'Started checkout', 'High-value cart']",Delivery,Checkout,Normal,Confirm delivery availability and expected delivery date,
OPP_00080,CUST_60422,Karan Patel,Returning,NH006,Hair Topper - Natural Black,Hair Toppers,8499,5,False,False,0,3,31807,Website Chat,I have dark brown hair. Which shade should I choose?,2026-08-14 09:20:00,Purchased,0,30,Low,"['Repeated product views', 'Returning customer']",Color matching,Consideration,Normal,Help the shopper choose the closest color match,
OPP_00081,CUST_84177,Aarav Gupta,New,NH006,Hair Topper - Natural Black,Hair Toppers,8499,5,True,True,16998,0,0,Instagram,Can I place the order now?,2026-08-19 00:39:00,Purchased,16998,90,High,"['Repeated product views', 'Added product to cart', 'Started checkout', 'High-value cart']",No clear barrier,Checkout,Normal,Follow up with the high-intent shopper,
OPP_00082,CUST_96400,Priya Malhotra,New,NH004,Luxury Wavy Human Hair Extensions,Hair Extensions,10999,3,False,False,0,0,0,WhatsApp,I'm not sure which type would suit my hair. Can you help?,2026-08-16 01:59:00,Not Purchased,0,12,Low,['Multiple product views'],Product suitability,Consideration,Normal,Recommend the most suitable product for the shopper,
OPP_00083,CUST_64460,Ishita Shah,New,NH001,Natural Black Clip-In Extensions,Hair Extensions,6999,6,True,True,6999,0,0,Website Chat,Can I style and use heat on this hair?,2026-08-21 07:39:00,Purchased,6999,80,High,"['Repeated product views', 'Added product to cart', 'Started checkout']",Product quality,Checkout,Normal,Answer the shopper's product quality questions,
OPP_00084,CUST_48684,Aditi Iyer,New,NH006,Hair Topper - Natural Black,Hair Toppers,8499,4,True,True,16998,0,0,WhatsApp,I loved my previous order. Which product is closest to it?,2026-08-23 06:52:00,Not Purchased,0,82,High,"['Multiple product views', 'Added product to cart', 'Started checkout', 'High-value cart']",Product suitability,Checkout,Normal,Recommend the most suitable product for the shopper,
OPP_00085,CUST_83048,Pooja Patel,New,NH002,Brown Wavy Clip-In Extensions,Hair Extensions,7499,8,True,False,14998,0,0,Instagram,I want to order this today. How do I proceed?,2026-08-07 09:25:00,Not Purchased,0,55,Medium,"['Repeated product views', 'Added product to cart', 'High-value cart']",No clear barrier,Cart,High,Nurture the shopper and provide useful product information,
OPP_00086,CUST_40647,Karan Sharma,New,NH009,Wavy Ponytail Extension,Ponytails,5499,4,True,False,5499,0,0,Email,Do you have this in natural black right now?,2026-08-06 09:53:00,Purchased,5499,37,Low,"['Multiple product views', 'Added product to cart']",No clear barrier,Cart,Normal,No immediate action required,
OPP_00087,CUST_15943,Aarav Kapoor,New,NH002,Brown Wavy Clip-In Extensions,Hair Extensions,7499,4,False,False,0,0,0,Instagram,Is this real human hair?,2026-08-03 14:04:00,Purchased,0,12,Low,['Multiple product views'],Product quality,Consideration,Normal,Answer the shopper's product quality questions,
OPP_00088,CUST_95841,Neha Agarwal,Returning,NH004,Luxury Wavy Human Hair Extensions,Hair Extensions,10999,6,True,False,10999,2,29470,Instagram,Can I style and use heat on this hair?,2026-08-10 15:53:00,Not Purchased,0,65,Medium,"['Repeated product views', 'Added product to cart', 'Returning customer', 'High-value cart']",Product quality,Cart,Normal,Answer the shopper's product quality questions,
OPP_00089,CUST_99873,Pooja Singh,New,NH005,Invisible Tape Hair Extensions,Hair Extensions,11999,5,True,True,11999,0,0,Email,Is this shade currently available?,2026-08-10 10:26:00,Purchased,11999,90,High,"['Repeated product views', 'Added product to cart', 'Started checkout', 'High-value cart']",Color matching,Checkout,Normal,Help the shopper choose the closest color match,
OPP_00090,CUST_88269,Riya Sharma,New,NH005,Invisible Tape Hair Extensions,Hair Extensions,11999,6,True,True,11999,0,0,Email,Is there any discount available on this?,2026-08-04 05:46:00,Purchased,11999,90,High,"['Repeated product views', 'Added product to cart', 'Started checkout', 'High-value cart']",Price,Checkout,Normal,Address the price concern and share applicable offers,
OPP_00091,CUST_40539,Aditi Iyer,New,NH010,Human Hair Wig - Natural Black,Wigs,14999,1,False,False,0,0,0,Website Chat,Can you tell me more about your products?,2026-08-01 10:32:00,Not Purchased,0,0,Low,[],No clear barrier,Discovery,Normal,No immediate action required,
OPP_00092,CUST_41186,Sanya Joshi,Returning,NH005,Invisible Tape Hair Extensions,Hair Extensions,11999,3,True,False,11999,2,12519,WhatsApp,What is your return policy if the shade doesn't match?,2026-08-07 09:55:00,Purchased,11999,57,Medium,"['Multiple product views', 'Added product to cart', 'Returning customer', 'High-value cart']",Color matching,Cart,Normal,Help the shopper choose the closest color match,
OPP_00093,CUST_57453,Arjun Gupta,New,NH001,Natural Black Clip-In Extensions,Hair Extensions,6999,2,False,False,0,0,0,WhatsApp,When will this product be back in stock?,2026-08-12 20:09:00,Not Purchased,0,0,Low,[],Availability,Discovery,Normal,Confirm product availability or expected restock,
OPP_00094,CUST_24150,Karan Rao,Returning,NH004,Luxury Wavy Human Hair Extensions,Hair Extensions,10999,2,True,False,21998,1,38173,Instagram,Which one would be best for thin hair?,2026-08-21 20:07:00,Not Purchased,0,45,Medium,"['Added product to cart', 'Returning customer', 'High-value cart']",Product suitability,Cart,Normal,Recommend the most suitable product for the shopper,
OPP_00095,CUST_88301,Arjun Kapoor,New,NH002,Brown Wavy Clip-In Extensions,Hair Extensions,7499,4,True,True,7499,0,0,Instagram,The price is a little high. Is there a better price available?,2026-08-15 03:38:00,Purchased,7499,72,Medium,"['Multiple product views', 'Added product to cart', 'Started checkout']",Price,Checkout,Normal,Address the price concern and share applicable offers,
OPP_00096,CUST_69186,Meera Desai,New,NH007,Hair Topper - Brown,Hair Toppers,8999,6,False,False,0,0,0,Email,I have dark brown hair. Which shade should I choose?,2026-08-10 10:45:00,Not Purchased,0,20,Low,['Repeated product views'],Color matching,Consideration,Normal,Help the shopper choose the closest color match,
OPP_00097,CUST_21188,Ananya Desai,Returning,NH007,Hair Topper - Brown,Hair Toppers,8999,4,True,True,17998,3,31968,WhatsApp,I'm not sure which type would suit my hair. Can you help?,2026-08-18 04:28:00,Purchased,17998,92,High,"['Multiple product views', 'Added product to cart', 'Started checkout', 'Returning customer', 'High-value cart']",Product suitability,Checkout,Normal,Recommend the most suitable product for the shopper,
OPP_00098,CUST_97207,Tanya Agarwal,Returning,NH006,Hair Topper - Natural Black,Hair Toppers,8499,6,True,False,16998,5,7930,WhatsApp,Can I pay using UPI?,2026-08-15 00:54:00,Purchased,16998,65,Medium,"['Repeated product views', 'Added product to cart', 'Returning customer', 'High-value cart']",Payment,Cart,Normal,Explain available payment options,
OPP_00099,CUST_82910,Pooja Patel,New,NH005,Invisible Tape Hair Extensions,Hair Extensions,11999,3,True,False,11999,0,0,Email,What is your return policy if the shade doesn't match?,2026-08-19 17:51:00,Purchased,11999,47,Medium,"['Multiple product views', 'Added product to cart', 'High-value cart']",Color matching,Cart,Normal,Help the shopper choose the closest color match,
OPP_00100,CUST_45818,Nisha Joshi,Returning,NH007,Hair Topper - Brown,Hair Toppers,8999,6,True,False,8999,5,44211,Email,Will this match my natural hair color?,2026-08-05 12:04:00,Purchased,8999,55,Medium,"['Repeated product views', 'Added product to cart', 'Returning customer']",Color matching,Cart,Normal,Help the shopper choose the closest color match,
OPP_00101,CUST_22026,Arjun Shah,New,NH003,Premium Straight Human Hair Extensions,Hair Extensions,8999,3,False,False,0,0,0,Instagram,When will this product be back in stock?,2026-08-11 16:45:00,Not Purchased,0,12,Low,['Multiple product views'],Availability,Consideration,Normal,Confirm product availability or expected restock,
OPP_00102,CUST_21135,Aarav Mehta,New,NH006,Hair Topper - Natural Black,Hair Toppers,8499,4,False,False,0,0,0,Website Chat,I'm not sure which type would suit my hair. Can you help?,2026-08-02 12:10:00,Not Purchased,0,12,Low,['Multiple product views'],Product suitability,Consideration,Normal,Recommend the most suitable product for the shopper,
OPP_00103,CUST_24918,Pooja Desai,New,NH002,Brown Wavy Clip-In Extensions,Hair Extensions,7499,5,True,True,7499,0,0,WhatsApp,I have dark brown hair. Which shade should I choose?,2026-08-16 19:23:00,Purchased,7499,80,High,"['Repeated product views', 'Added product to cart', 'Started checkout']",Color matching,Checkout,Normal,Help the shopper choose the closest color match,
OPP_00104,CUST_49507,Kavya Iyer,New,NH010,Human Hair Wig - Natural Black,Wigs,14999,2,True,False,14999,0,0,Website Chat,I have dark brown hair. Which shade should I choose?,2026-08-07 23:04:00,Purchased,14999,35,Low,"['Added product to cart', 'High-value cart']",Color matching,Cart,Normal,Help the shopper choose the closest color match,
OPP_00105,CUST_97562,Pooja Patel,New,NH006,Hair Topper - Natural Black,Hair Toppers,8499,5,True,True,8499,0,0,Instagram,Can I style and use heat on this hair?,2026-08-02 08:06:00,Purchased,8499,80,High,"['Repeated product views', 'Added product to cart', 'Started checkout']",Product quality,Checkout,Normal,Answer the shopper's product quality questions,
OPP_00106,CUST_64747,Nisha Patel,New,NH007,Hair Topper - Brown,Hair Toppers,8999,5,True,True,17998,0,0,Instagram,I bought from you before. Do you have the same shade again?,2026-08-23 08:40:00,Purchased,17998,90,High,"['Repeated product views', 'Added product to cart', 'Started checkout', 'High-value cart']",Color matching,Checkout,Normal,Help the shopper choose the closest color match,
OPP_00107,CUST_23875,Meera Desai,New,NH006,Hair Topper - Natural Black,Hair Toppers,8499,6,True,False,8499,0,0,Instagram,I have added this to my cart. Is anything else needed to complete the order?,2026-08-03 03:57:00,Purchased,8499,45,Medium,"['Repeated product views', 'Added product to cart']",No clear barrier,Cart,Normal,Nurture the shopper and provide useful product information,
OPP_00108,CUST_35415,Pooja Joshi,Returning,NH007,Hair Topper - Brown,Hair Toppers,8999,4,True,True,8999,6,26250,Website Chat,Is there any discount available on this?,2026-08-03 17:08:00,Purchased,8999,82,High,"['Multiple product views', 'Added product to cart', 'Started checkout', 'Returning customer']",Price,Checkout,Normal,Address the price concern and share applicable offers,
OPP_00109,CUST_92306,Karan Verma,New,NH003,Premium Straight Human Hair Extensions,Hair Extensions,8999,4,True,False,8999,0,0,Instagram,The price is a little high. Is there a better price available?,2026-08-22 09:42:00,Purchased,8999,37,Low,"['Multiple product views', 'Added product to cart']",Price,Cart,Normal,Address the price concern and share applicable offers,
OPP_00110,CUST_18950,Karan Verma,New,NH010,Human Hair Wig - Natural Black,Wigs,14999,5,True,False,14999,0,0,Email,Can I place the order now?,2026-08-14 19:59:00,Purchased,14999,55,Medium,"['Repeated product views', 'Added product to cart', 'High-value cart']",No clear barrier,Cart,Normal,Nurture the shopper and provide useful product information,
OPP_00111,CUST_47627,Ananya Malhotra,New,NH001,Natural Black Clip-In Extensions,Hair Extensions,6999,6,True,True,6999,0,0,WhatsApp,Can you confirm if this can be delivered by Friday?,2026-08-14 21:26:00,Purchased,6999,80,High,"['Repeated product views', 'Added product to cart', 'Started checkout']",Delivery,Checkout,High,Confirm delivery availability and expected delivery date,
OPP_00112,CUST_72341,Arjun Mehta,New,NH009,Wavy Ponytail Extension,Ponytails,5499,2,True,False,5499,0,0,WhatsApp,Can I pay using UPI?,2026-08-03 17:31:00,Purchased,5499,25,Low,['Added product to cart'],Payment,Cart,Normal,Explain available payment options,
OPP_00113,CUST_89928,Ishita Joshi,Returning,NH006,Hair Topper - Natural Black,Hair Toppers,8499,2,True,True,16998,1,37066,Email,I have dark brown hair. Which shade should I choose?,2026-08-10 04:34:00,Purchased,16998,80,High,"['Added product to cart', 'Started checkout', 'Returning customer', 'High-value cart']",Color matching,Checkout,Normal,Help the shopper choose the closest color match,
OPP_00114,CUST_83133,Sneha Kapoor,Returning,NH007,Hair Topper - Brown,Hair Toppers,8999,8,True,True,8999,6,43183,Email,Can you confirm if this can be delivered by Friday?,2026-08-20 18:04:00,Purchased,8999,90,High,"['Repeated product views', 'Added product to cart', 'Started checkout', 'Returning customer']",Delivery,Checkout,High,Confirm delivery availability and expected delivery date,
OPP_00115,CUST_95990,Sneha Mehta,Returning,NH010,Human Hair Wig - Natural Black,Wigs,14999,3,False,False,0,3,9341,WhatsApp,Can I pay using UPI?,2026-08-14 02:14:00,Not Purchased,0,22,Low,"['Multiple product views', 'Returning customer']",Payment,Consideration,Normal,Explain available payment options,
OPP_00116,CUST_99838,Arjun Patel,New,NH007,Hair Topper - Brown,Hair Toppers,8999,3,False,False,0,0,0,Instagram,I'm not sure which type would suit my hair. Can you help?,2026-08-09 14:36:00,Not Purchased,0,12,Low,['Multiple product views'],Product suitability,Consideration,Normal,Recommend the most suitable product for the shopper,
OPP_00117,CUST_28030,Priya Patel,New,NH001,Natural Black Clip-In Extensions,Hair Extensions,6999,4,True,True,13998,0,0,Email,Is there any discount available on this?,2026-08-12 22:15:00,Purchased,13998,82,High,"['Multiple product views', 'Added product to cart', 'Started checkout', 'High-value cart']",Price,Checkout,Normal,Address the price concern and share applicable offers,
OPP_00118,CUST_91885,Ishita Rao,Returning,NH009,Wavy Ponytail Extension,Ponytails,5499,6,True,True,5499,5,6473,Instagram,Will this match my natural hair color?,2026-08-10 17:23:00,Purchased,5499,90,High,"['Repeated product views', 'Added product to cart', 'Started checkout', 'Returning customer']",Color matching,Checkout,Normal,Help the shopper choose the closest color match,
OPP_00119,CUST_41348,Nisha Iyer,New,NH006,Hair Topper - Natural Black,Hair Toppers,8499,6,True,True,16998,0,0,Instagram,Is there any discount available on this?,2026-08-09 17:53:00,Purchased,16998,90,High,"['Repeated product views', 'Added product to cart', 'Started checkout', 'High-value cart']",Price,Checkout,Normal,Address the price concern and share applicable offers,
OPP_00120,CUST_89254,Priya Agarwal,Returning,NH010,Human Hair Wig - Natural Black,Wigs,14999,2,False,False,0,4,22466,Email,What types of hair extensions do you have?,2026-08-15 23:10:00,Not Purchased,0,10,Low,['Returning customer'],No clear barrier,Discovery,Normal,No immediate action required,
OPP_00121,CUST_45755,Rahul Singh,Returning,NH008,Natural Black Ponytail Extension,Ponytails,4999,1,False,False,0,5,10723,Website Chat,I'm just exploring your hair extensions. What do you recommend?,2026-08-03 11:05:00,Not Purchased,0,10,Low,['Returning customer'],Product suitability,Discovery,Normal,Recommend the most suitable product for the shopper,
OPP_00122,CUST_13694,Aditi Patel,Returning,NH004,Luxury Wavy Human Hair Extensions,Hair Extensions,10999,5,True,True,10999,3,5747,Email,Is this shade currently available?,2026-08-04 12:08:00,Purchased,10999,100,High,"['Repeated product views', 'Added product to cart', 'Started checkout', 'Returning customer', 'High-value cart']",Color matching,Checkout,Normal,Help the shopper choose the closest color match,
OPP_00123,CUST_90654,Riya Patel,New,NH001,Natural Black Clip-In Extensions,Hair Extensions,6999,1,False,False,0,0,0,WhatsApp,I'm just exploring your hair extensions. What do you recommend?,2026-08-06 06:46:00,Not Purchased,0,0,Low,[],Product suitability,Discovery,Normal,Recommend the most suitable product for the shopper,
OPP_00124,CUST_41252,Tanya Malhotra,New,NH003,Premium Straight Human Hair Extensions,Hair Extensions,8999,2,True,False,8999,0,0,Instagram,What types of hair extensions do you have?,2026-08-03 21:32:00,Purchased,8999,25,Low,['Added product to cart'],No clear barrier,Cart,Normal,No immediate action required,
OPP_00125,CUST_10205,Shreya Joshi,New,NH008,Natural Black Ponytail Extension,Ponytails,4999,7,True,True,4999,0,0,Website Chat,Can you confirm if this can be delivered by Friday?,2026-08-10 20:30:00,Purchased,4999,80,High,"['Repeated product views', 'Added product to cart', 'Started checkout']",Delivery,Checkout,High,Confirm delivery availability and expected delivery date,
OPP_00126,CUST_71621,Aarav Malhotra,New,NH003,Premium Straight Human Hair Extensions,Hair Extensions,8999,5,True,True,8999,0,0,Instagram,How many days will delivery take to my city?,2026-08-07 03:31:00,Purchased,8999,80,High,"['Repeated product views', 'Added product to cart', 'Started checkout']",Delivery,Checkout,Normal,Confirm delivery availability and expected delivery date,
OPP_00127,CUST_53583,Priya Sharma,New,NH001,Natural Black Clip-In Extensions,Hair Extensions,6999,4,True,False,6999,0,0,Email,Can you confirm if this can be delivered by Friday?,2026-08-09 01:53:00,Not Purchased,0,37,Low,"['Multiple product views', 'Added product to cart']",Delivery,Cart,High,Confirm delivery availability and expected delivery date,
OPP_00128,CUST_69988,Aarav Kapoor,Returning,NH003,Premium Straight Human Hair Extensions,Hair Extensions,8999,6,True,True,8999,6,34449,Website Chat,I want to order this today. How do I proceed?,2026-08-19 09:03:00,Purchased,8999,90,High,"['Repeated product views', 'Added product to cart', 'Started checkout', 'Returning customer']",No clear barrier,Checkout,High,Follow up with the high-intent shopper,
OPP_00129,CUST_16265,Aditi Kapoor,Returning,NH004,Luxury Wavy Human Hair Extensions,Hair Extensions,10999,6,True,True,10999,3,24321,WhatsApp,How long does the hair normally last?,2026-08-11 07:38:00,Purchased,10999,100,High,"['Repeated product views', 'Added product to cart', 'Started checkout', 'Returning customer', 'High-value cart']",Product quality,Checkout,Normal,Answer the shopper's product quality questions,
OPP_00130,CUST_78062,Simran Iyer,Returning,NH007,Hair Topper - Brown,Hair Toppers,8999,6,True,True,8999,4,26219,WhatsApp,I have added this to my cart. Is anything else needed to complete the order?,2026-08-11 00:50:00,Not Purchased,0,90,High,"['Repeated product views', 'Added product to cart', 'Started checkout', 'Returning customer']",No clear barrier,Checkout,Normal,Follow up with the high-intent shopper,"{'type': 'Loyalty discount', 'value': 10, 'description': '10% loyalty discount, up to ₹1,500'}"
OPP_00131,CUST_52981,Nisha Kapoor,New,NH002,Brown Wavy Clip-In Extensions,Hair Extensions,7499,4,True,True,7499,0,0,Instagram,I have added this to my cart. Is anything else needed to complete the order?,2026-08-17 16:56:00,Purchased,7499,72,Medium,"['Multiple product views', 'Added product to cart', 'Started checkout']",No clear barrier,Checkout,Normal,Nurture the shopper and provide useful product information,
OPP_00132,CUST_67008,Simran Malhotra,New,NH007,Hair Topper - Brown,Hair Toppers,8999,5,True,False,8999,0,0,WhatsApp,Is this real human hair?,2026-08-16 15:33:00,Not Purchased,0,45,Medium,"['Repeated product views', 'Added product to cart']",Product quality,Cart,Normal,Answer the shopper's product quality questions,
OPP_00133,CUST_89635,Rahul Sharma,New,NH007,Hair Topper - Brown,Hair Toppers,8999,1,False,False,0,0,0,Website Chat,What types of hair extensions do you have?,2026-08-06 17:53:00,Not Purchased,0,0,Low,[],No clear barrier,Discovery,Normal,No immediate action required,
OPP_00134,CUST_58760,Rahul Iyer,New,NH006,Hair Topper - Natural Black,Hair Toppers,8499,3,True,True,16998,0,0,WhatsApp,I have added this to my cart. Is anything else needed to complete the order?,2026-08-04 12:11:00,Not Purchased,0,82,High,"['Multiple product views', 'Added product to cart', 'Started checkout', 'High-value cart']",No clear barrier,Checkout,Normal,Follow up with the high-intent shopper,
OPP_00135,CUST_60723,Vikram Patel,New,NH009,Wavy Ponytail Extension,Ponytails,5499,4,True,True,5499,0,0,Email,Will this work for short hair?,2026-08-17 09:29:00,Purchased,5499,72,Medium,"['Multiple product views', 'Added product to cart', 'Started checkout']",No clear barrier,Checkout,Normal,Nurture the shopper and provide useful product information,
OPP_00136,CUST_68341,Ananya Iyer,New,NH008,Natural Black Ponytail Extension,Ponytails,4999,5,True,True,4999,0,0,Email,Do you offer EMI or other payment options?,2026-08-09 06:44:00,Purchased,4999,80,High,"['Repeated product views', 'Added product to cart', 'Started checkout']",Price,Checkout,Normal,Address the price concern and share applicable offers,
OPP_00137,CUST_93584,Ishita Iyer,New,NH002,Brown Wavy Clip-In Extensions,Hair Extensions,7499,4,False,False,0,0,0,Email,I'm not sure which type would suit my hair. Can you help?,2026-08-06 11:27:00,Not Purchased,0,12,Low,['Multiple product views'],Product suitability,Consideration,Normal,Recommend the most suitable product for the shopper,
OPP_00138,CUST_71263,Vikram Mehta,Returning,NH002,Brown Wavy Clip-In Extensions,Hair Extensions,7499,1,False,False,0,2,19514,WhatsApp,What types of hair extensions do you have?,2026-08-08 09:54:00,Not Purchased,0,10,Low,['Returning customer'],No clear barrier,Discovery,Normal,No immediate action required,
OPP_00139,CUST_51553,Ananya Verma,Returning,NH007,Hair Topper - Brown,Hair Toppers,8999,5,False,False,0,6,35369,Instagram,Can I return it if it doesn't work for me?,2026-08-04 07:05:00,Purchased,0,30,Low,"['Repeated product views', 'Returning customer']",Returns,Consideration,Normal,Explain the applicable return or exchange policy,
OPP_00140,CUST_77908,Priya Kapoor,New,NH009,Wavy Ponytail Extension,Ponytails,5499,4,True,True,5499,0,0,Website Chat,Is there any discount available on this?,2026-08-08 17:12:00,Not Purchased,0,72,Medium,"['Multiple product views', 'Added product to cart', 'Started checkout']",Price,Checkout,Normal,Address the price concern and share applicable offers,
OPP_00141,CUST_82199,Simran Mehta,New,NH004,Luxury Wavy Human Hair Extensions,Hair Extensions,10999,5,True,False,10999,0,0,Email,I have added this to my cart. Is anything else needed to complete the order?,2026-08-13 12:21:00,Purchased,10999,55,Medium,"['Repeated product views', 'Added product to cart', 'High-value cart']",No clear barrier,Cart,Normal,Nurture the shopper and provide useful product information,
OPP_00142,CUST_83874,Aarav Agarwal,New,NH002,Brown Wavy Clip-In Extensions,Hair Extensions,7499,7,True,True,7499,0,0,WhatsApp,Is there any discount available on this?,2026-08-02 09:49:00,Not Purchased,0,80,High,"['Repeated product views', 'Added product to cart', 'Started checkout']",Price,Checkout,Normal,Address the price concern and share applicable offers,"{'type': 'Percentage discount', 'value': 10, 'description': '10% off, up to ₹1,500'}"
OPP_00143,CUST_92203,Vikram Kapoor,New,NH010,Human Hair Wig - Natural Black,Wigs,14999,7,True,True,14999,0,0,Email,Do you have any offer running right now?,2026-08-06 22:44:00,Purchased,14999,90,High,"['Repeated product views', 'Added product to cart', 'Started checkout', 'High-value cart']",Price,Checkout,Normal,Address the price concern and share applicable offers,
OPP_00144,CUST_36741,Aditi Gupta,New,NH007,Hair Topper - Brown,Hair Toppers,8999,3,True,True,17998,0,0,Website Chat,How many days will delivery take to my city?,2026-08-20 23:29:00,Purchased,17998,82,High,"['Multiple product views', 'Added product to cart', 'Started checkout', 'High-value cart']",Delivery,Checkout,Normal,Confirm delivery availability and expected delivery date,
OPP_00145,CUST_71141,Neha Kapoor,Returning,NH006,Hair Topper - Natural Black,Hair Toppers,8499,5,True,True,8499,3,30130,Instagram,Is there any discount available on this?,2026-08-04 13:56:00,Purchased,8499,90,High,"['Repeated product views', 'Added product to cart', 'Started checkout', 'Returning customer']",Price,Checkout,Normal,Address the price concern and share applicable offers,
OPP_00146,CUST_85718,Aditi Shah,New,NH002,Brown Wavy Clip-In Extensions,Hair Extensions,7499,7,True,True,7499,0,0,Website Chat,Can I place the order now?,2026-08-13 02:06:00,Purchased,7499,80,High,"['Repeated product views', 'Added product to cart', 'Started checkout']",No clear barrier,Checkout,Normal,Follow up with the high-intent shopper,
OPP_00147,CUST_38199,Sanya Joshi,New,NH008,Natural Black Ponytail Extension,Ponytails,4999,2,True,True,9998,0,0,WhatsApp,Which one would be best for thin hair?,2026-08-07 18:39:00,Not Purchased,0,60,Medium,"['Added product to cart', 'Started checkout']",Product suitability,Checkout,Normal,Recommend the most suitable product for the shopper,
OPP_00148,CUST_24089,Tanya Mehta,New,NH008,Natural Black Ponytail Extension,Ponytails,4999,2,False,False,0,0,0,Email,Can you tell me more about your products?,2026-08-09 16:45:00,Purchased,0,0,Low,[],No clear barrier,Discovery,Normal,No immediate action required,
OPP_00149,CUST_76093,Rahul Iyer,New,NH007,Hair Topper - Brown,Hair Toppers,8999,6,True,True,8999,0,0,Email,Do you have this in natural black right now?,2026-08-16 20:35:00,Purchased,8999,80,High,"['Repeated product views', 'Added product to cart', 'Started checkout']",No clear barrier,Checkout,Normal,Follow up with the high-intent shopper,
OPP_00150,CUST_57920,Priya Shah,New,NH010,Human Hair Wig - Natural Black,Wigs,14999,6,True,True,14999,0,0,Instagram,I have added this to my cart. Is anything else needed to complete the order?,2026-08-02 06:59:00,Purchased,14999,90,High,"['Repeated product views', 'Added product to cart', 'Started checkout', 'High-value cart']",No clear barrier,Checkout,Normal,Follow up with the high-intent shopper,
OPP_00151,CUST_77568,Priya Joshi,New,NH001,Natural Black Clip-In Extensions,Hair Extensions,6999,2,False,False,0,0,0,Email,What types of hair extensions do you have?,2026-08-10 07:36:00,Not Purchased,0,0,Low,[],No clear barrier,Discovery,Normal,No immediate action required,
OPP_00152,CUST_12180,Pooja Joshi,Returning,NH010,Human Hair Wig - Natural Black,Wigs,14999,6,True,False,14999,3,42910,WhatsApp,Will this work for short hair?,2026-08-14 15:46:00,Purchased,14999,65,Medium,"['Repeated product views', 'Added product to cart', 'Returning customer', 'High-value cart']",No clear barrier,Cart,Normal,Nurture the shopper and provide useful product information,
OPP_00153,CUST_85821,Sanya Shah,Returning,NH005,Invisible Tape Hair Extensions,Hair Extensions,11999,4,False,False,0,6,5746,WhatsApp,Do you offer EMI or other payment options?,2026-08-12 07:23:00,Not Purchased,0,22,Low,"['Multiple product views', 'Returning customer']",Price,Consideration,Normal,Address the price concern and share applicable offers,
OPP_00154,CUST_14138,Sanya Rao,New,NH003,Premium Straight Human Hair Extensions,Hair Extensions,8999,2,False,False,0,0,0,WhatsApp,What types of hair extensions do you have?,2026-08-01 19:20:00,Not Purchased,0,0,Low,[],No clear barrier,Discovery,Normal,No immediate action required,
OPP_00155,CUST_18163,Priya Singh,New,NH008,Natural Black Ponytail Extension,Ponytails,4999,8,True,True,9998,0,0,Website Chat,The price is a little high. Is there a better price available?,2026-08-08 18:31:00,Not Purchased,0,80,High,"['Repeated product views', 'Added product to cart', 'Started checkout']",Price,Checkout,Normal,Address the price concern and share applicable offers,"{'type': 'Percentage discount', 'value': 10, 'description': '10% off, up to ₹1,500'}"
OPP_00156,CUST_99226,Simran Gupta,New,NH008,Natural Black Ponytail Extension,Ponytails,4999,3,True,False,4999,0,0,Instagram,Which one would be best for thin hair?,2026-08-23 03:50:00,Not Purchased,0,37,Low,"['Multiple product views', 'Added product to cart']",Product suitability,Cart,Normal,Recommend the most suitable product for the shopper,
OPP_00157,CUST_74094,Aditi Verma,New,NH004,Luxury Wavy Human Hair Extensions,Hair Extensions,10999,4,False,False,0,0,0,Email,I'm not sure which type would suit my hair. Can you help?,2026-08-22 14:55:00,Not Purchased,0,12,Low,['Multiple product views'],Product suitability,Consideration,Normal,Recommend the most suitable product for the shopper,
OPP_00158,CUST_29198,Nisha Sharma,New,NH005,Invisible Tape Hair Extensions,Hair Extensions,11999,6,True,False,11999,0,0,Email,What is your return policy if the shade doesn't match?,2026-08-09 06:09:00,Not Purchased,0,55,Medium,"['Repeated product views', 'Added product to cart', 'High-value cart']",Color matching,Cart,Normal,Help the shopper choose the closest color match,
OPP_00159,CUST_83664,Simran Mehta,New,NH008,Natural Black Ponytail Extension,Ponytails,4999,1,False,False,0,0,0,WhatsApp,Can you tell me more about your products?,2026-08-18 05:37:00,Not Purchased,0,0,Low,[],No clear barrier,Discovery,Normal,No immediate action required,
OPP_00160,CUST_64172,Aditi Rao,New,NH010,Human Hair Wig - Natural Black,Wigs,14999,7,True,True,14999,0,0,Instagram,I need this for a wedding next Saturday. Can it reach me before then?,2026-08-16 21:01:00,Purchased,14999,90,High,"['Repeated product views', 'Added product to cart', 'Started checkout', 'High-value cart']",Delivery,Checkout,High,Confirm delivery availability and expected delivery date,
OPP_00161,CUST_36143,Nisha Joshi,New,NH003,Premium Straight Human Hair Extensions,Hair Extensions,8999,3,True,False,17998,0,0,Email,What is your return policy if the shade doesn't match?,2026-08-22 00:51:00,Not Purchased,0,47,Medium,"['Multiple product views', 'Added product to cart', 'High-value cart']",Color matching,Cart,Normal,Help the shopper choose the closest color match,
OPP_00162,CUST_32946,Tanya Agarwal,New,NH002,Brown Wavy Clip-In Extensions,Hair Extensions,7499,8,True,False,7499,0,0,Website Chat,Is there any discount available on this?,2026-08-20 09:40:00,Not Purchased,0,45,Medium,"['Repeated product views', 'Added product to cart']",Price,Cart,Normal,Address the price concern and share applicable offers,
OPP_00163,CUST_53914,Nisha Verma,Returning,NH007,Hair Topper - Brown,Hair Toppers,8999,3,True,True,8999,2,22970,Instagram,I bought from you before. Do you have the same shade again?,2026-08-20 17:47:00,Not Purchased,0,82,High,"['Multiple product views', 'Added product to cart', 'Started checkout', 'Returning customer']",Color matching,Checkout,Normal,Help the shopper choose the closest color match,"{'type': 'Loyalty discount', 'value': 10, 'description': '10% loyalty discount, up to ₹1,500'}"
OPP_00164,CUST_34405,Riya Rao,New,NH009,Wavy Ponytail Extension,Ponytails,5499,3,True,True,10998,0,0,Email,Do you have any offer running right now?,2026-08-14 07:05:00,Not Purchased,0,82,High,"['Multiple product views', 'Added product to cart', 'Started checkout', 'High-value cart']",Price,Checkout,Normal,Address the price concern and share applicable offers,"{'type': 'Fixed discount', 'value': 1000, 'description': '₹1,000 off on the current cart'}"
OPP_00165,CUST_21368,Sneha Malhotra,New,NH004,Luxury Wavy Human Hair Extensions,Hair Extensions,10999,2,False,False,0,0,0,WhatsApp,What types of hair extensions do you have?,2026-08-23 17:07:00,Not Purchased,0,0,Low,[],No clear barrier,Discovery,Normal,No immediate action required,
OPP_00166,CUST_44995,Aditi Kapoor,New,NH003,Premium Straight Human Hair Extensions,Hair Extensions,8999,3,True,True,8999,0,0,WhatsApp,Can I place the order now?,2026-08-16 05:59:00,Purchased,8999,72,Medium,"['Multiple product views', 'Added product to cart', 'Started checkout']",No clear barrier,Checkout,Normal,Nurture the shopper and provide useful product information,
OPP_00167,CUST_93717,Nisha Joshi,Returning,NH006,Hair Topper - Natural Black,Hair Toppers,8499,3,True,False,8499,1,11747,Website Chat,Is this real human hair?,2026-08-23 03:50:00,Not Purchased,0,47,Medium,"['Multiple product views', 'Added product to cart', 'Returning customer']",Product quality,Cart,Normal,Answer the shopper's product quality questions,
OPP_00168,CUST_97044,Kavya Iyer,New,NH003,Premium Straight Human Hair Extensions,Hair Extensions,8999,6,True,False,17998,0,0,Website Chat,Can I style and use heat on this hair?,2026-08-18 13:11:00,Not Purchased,0,55,Medium,"['Repeated product views', 'Added product to cart', 'High-value cart']",Product quality,Cart,Normal,Answer the shopper's product quality questions,
OPP_00169,CUST_76255,Kavya Gupta,Returning,NH010,Human Hair Wig - Natural Black,Wigs,14999,4,True,False,14999,1,38439,Website Chat,Is this real human hair?,2026-08-08 20:11:00,Not Purchased,0,57,Medium,"['Multiple product views', 'Added product to cart', 'Returning customer', 'High-value cart']",Product quality,Cart,Normal,Answer the shopper's product quality questions,
OPP_00170,CUST_69432,Priya Singh,New,NH009,Wavy Ponytail Extension,Ponytails,5499,6,True,False,10998,0,0,Instagram,I have dark brown hair. Which shade should I choose?,2026-08-14 04:58:00,Not Purchased,0,55,Medium,"['Repeated product views', 'Added product to cart', 'High-value cart']",Color matching,Cart,Normal,Help the shopper choose the closest color match,
OPP_00171,CUST_10395,Kavya Gupta,New,NH001,Natural Black Clip-In Extensions,Hair Extensions,6999,4,False,False,0,0,0,WhatsApp,Will this match my natural hair color?,2026-08-11 00:23:00,Not Purchased,0,12,Low,['Multiple product views'],Color matching,Consideration,Normal,Help the shopper choose the closest color match,
OPP_00172,CUST_63591,Ishita Iyer,Returning,NH006,Hair Topper - Natural Black,Hair Toppers,8499,3,True,False,16998,5,7948,Website Chat,I have added this to my cart. Is anything else needed to complete the order?,2026-08-23 15:18:00,Purchased,16998,57,Medium,"['Multiple product views', 'Added product to cart', 'Returning customer', 'High-value cart']",No clear barrier,Cart,Normal,Nurture the shopper and provide useful product information,
OPP_00173,CUST_99486,Vikram Mehta,New,NH007,Hair Topper - Brown,Hair Toppers,8999,6,True,False,17998,0,0,Email,I bought from you before. Do you have the same shade again?,2026-08-05 10:28:00,Purchased,17998,55,Medium,"['Repeated product views', 'Added product to cart', 'High-value cart']",Color matching,Cart,Normal,Help the shopper choose the closest color match,
OPP_00174,CUST_70686,Vikram Desai,New,NH009,Wavy Ponytail Extension,Ponytails,5499,4,True,False,5499,0,0,Instagram,Is there any discount available on this?,2026-08-07 00:10:00,Not Purchased,0,37,Low,"['Multiple product views', 'Added product to cart']",Price,Cart,Normal,Address the price concern and share applicable offers,
OPP_00175,CUST_18819,Neha Gupta,New,NH008,Natural Black Ponytail Extension,Ponytails,4999,2,True,False,4999,0,0,WhatsApp,Will this work for short hair?,2026-08-14 23:28:00,Purchased,4999,25,Low,['Added product to cart'],No clear barrier,Cart,Normal,No immediate action required,
OPP_00176,CUST_17398,Priya Singh,New,NH001,Natural Black Clip-In Extensions,Hair Extensions,6999,6,True,True,6999,0,0,Email,I need this for a wedding next Saturday. Can it reach me before then?,2026-08-19 22:31:00,Purchased,6999,80,High,"['Repeated product views', 'Added product to cart', 'Started checkout']",Delivery,Checkout,High,Confirm delivery availability and expected delivery date,
OPP_00177,CUST_46064,Aarav Singh,New,NH010,Human Hair Wig - Natural Black,Wigs,14999,4,True,False,14999,0,0,Website Chat,Do you offer EMI or other payment options?,2026-08-16 19:41:00,Purchased,14999,47,Medium,"['Multiple product views', 'Added product to cart', 'High-value cart']",Price,Cart,Normal,Address the price concern and share applicable offers,
OPP_00178,CUST_51777,Tanya Desai,New,NH007,Hair Topper - Brown,Hair Toppers,8999,5,True,False,17998,0,0,Website Chat,How many days will delivery take to my city?,2026-08-09 22:35:00,Not Purchased,0,55,Medium,"['Repeated product views', 'Added product to cart', 'High-value cart']",Delivery,Cart,Normal,Confirm delivery availability and expected delivery date,
OPP_00179,CUST_70689,Aarav Singh,Returning,NH003,Premium Straight Human Hair Extensions,Hair Extensions,8999,2,False,False,0,4,19792,Instagram,I'm just exploring your hair extensions. What do you recommend?,2026-08-14 01:21:00,Not Purchased,0,10,Low,['Returning customer'],Product suitability,Discovery,Normal,Recommend the most suitable product for the shopper,
OPP_00180,CUST_22119,Vikram Rao,New,NH009,Wavy Ponytail Extension,Ponytails,5499,3,True,True,10998,0,0,Website Chat,Which one would be best for thin hair?,2026-08-07 11:36:00,Not Purchased,0,82,High,"['Multiple product views', 'Added product to cart', 'Started checkout', 'High-value cart']",Product suitability,Checkout,Normal,Recommend the most suitable product for the shopper,
OPP_00181,CUST_53642,Nisha Sharma,New,NH007,Hair Topper - Brown,Hair Toppers,8999,2,True,False,8999,0,0,Website Chat,Is cash on delivery available?,2026-08-23 06:25:00,Not Purchased,0,25,Low,['Added product to cart'],Delivery,Cart,Normal,Confirm delivery availability and expected delivery date,
OPP_00182,CUST_59894,Rahul Singh,Returning,NH002,Brown Wavy Clip-In Extensions,Hair Extensions,7499,3,True,True,7499,4,19898,Email,I have dark brown hair. Which shade should I choose?,2026-08-07 07:50:00,Not Purchased,0,82,High,"['Multiple product views', 'Added product to cart', 'Started checkout', 'Returning customer']",Color matching,Checkout,Normal,Help the shopper choose the closest color match,"{'type': 'Loyalty discount', 'value': 10, 'description': '10% loyalty discount, up to ₹1,500'}"
OPP_00183,CUST_51973,Kavya Joshi,New,NH006,Hair Topper - Natural Black,Hair Toppers,8499,2,False,False,0,0,0,Email,How long does the hair normally last?,2026-08-02 09:58:00,Not Purchased,0,0,Low,[],Product quality,Discovery,Normal,Answer the shopper's product quality questions,
OPP_00184,CUST_35715,Aditi Shah,Returning,NH010,Human Hair Wig - Natural Black,Wigs,14999,7,True,False,29998,6,13563,Instagram,Can you confirm if this can be delivered by Friday?,2026-08-20 08:07:00,Purchased,29998,65,Medium,"['Repeated product views', 'Added product to cart', 'Returning customer', 'High-value cart']",Delivery,Cart,High,Confirm delivery availability and expected delivery date,
OPP_00185,CUST_56160,Ishita Mehta,New,NH004,Luxury Wavy Human Hair Extensions,Hair Extensions,10999,4,True,False,21998,0,0,Instagram,Will this match my natural hair color?,2026-08-22 05:44:00,Purchased,21998,47,Medium,"['Multiple product views', 'Added product to cart', 'High-value cart']",Color matching,Cart,Normal,Help the shopper choose the closest color match,
OPP_00186,CUST_64053,Priya Agarwal,Returning,NH009,Wavy Ponytail Extension,Ponytails,5499,3,True,False,5499,1,38337,Website Chat,I need this for a wedding next Saturday. Can it reach me before then?,2026-08-17 11:12:00,Not Purchased,0,47,Medium,"['Multiple product views', 'Added product to cart', 'Returning customer']",Delivery,Cart,High,Confirm delivery availability and expected delivery date,
OPP_00187,CUST_12061,Riya Singh,New,NH003,Premium Straight Human Hair Extensions,Hair Extensions,8999,4,True,False,17998,0,0,Instagram,Is this real human hair?,2026-08-01 18:08:00,Not Purchased,0,47,Medium,"['Multiple product views', 'Added product to cart', 'High-value cart']",Product quality,Cart,Normal,Answer the shopper's product quality questions,
OPP_00188,CUST_22624,Arjun Mehta,Returning,NH009,Wavy Ponytail Extension,Ponytails,5499,8,True,True,5499,5,22788,Website Chat,I need this for a wedding next Saturday. Can it reach me before then?,2026-08-15 11:28:00,Purchased,5499,90,High,"['Repeated product views', 'Added product to cart', 'Started checkout', 'Returning customer']",Delivery,Checkout,High,Confirm delivery availability and expected delivery date,
OPP_00189,CUST_39603,Nisha Malhotra,New,NH009,Wavy Ponytail Extension,Ponytails,5499,5,True,False,10998,0,0,WhatsApp,I'm not sure which type would suit my hair. Can you help?,2026-08-20 21:42:00,Not Purchased,0,55,Medium,"['Repeated product views', 'Added product to cart', 'High-value cart']",Product suitability,Cart,Normal,Recommend the most suitable product for the shopper,
OPP_00190,CUST_66873,Aditi Gupta,New,NH001,Natural Black Clip-In Extensions,Hair Extensions,6999,6,True,False,6999,0,0,WhatsApp,Do you have this in natural black right now?,2026-08-22 06:58:00,Purchased,6999,45,Medium,"['Repeated product views', 'Added product to cart']",No clear barrier,Cart,Normal,Nurture the shopper and provide useful product information,
OPP_00191,CUST_19744,Simran Singh,New,NH001,Natural Black Clip-In Extensions,Hair Extensions,6999,8,True,False,13998,0,0,WhatsApp,I bought from you before. Do you have the same shade again?,2026-08-22 12:13:00,Purchased,13998,55,Medium,"['Repeated product views', 'Added product to cart', 'High-value cart']",Color matching,Cart,Normal,Help the shopper choose the closest color match,
OPP_00192,CUST_49226,Ishita Gupta,New,NH006,Hair Topper - Natural Black,Hair Toppers,8499,4,True,False,16998,0,0,Website Chat,The price is a little high. Is there a better price available?,2026-08-20 08:49:00,Not Purchased,0,47,Medium,"['Multiple product views', 'Added product to cart', 'High-value cart']",Price,Cart,Normal,Address the price concern and share applicable offers,
OPP_00193,CUST_20279,Arjun Rao,New,NH007,Hair Topper - Brown,Hair Toppers,8999,5,False,False,0,0,0,Email,What is your return policy if the shade doesn't match?,2026-08-03 14:20:00,Purchased,0,20,Low,['Repeated product views'],Color matching,Consideration,Normal,Help the shopper choose the closest color match,
OPP_00194,CUST_52778,Riya Malhotra,New,NH007,Hair Topper - Brown,Hair Toppers,8999,7,True,False,17998,0,0,Email,How many days will delivery take to my city?,2026-08-12 12:56:00,Not Purchased,0,55,Medium,"['Repeated product views', 'Added product to cart', 'High-value cart']",Delivery,Cart,Normal,Confirm delivery availability and expected delivery date,
OPP_00195,CUST_91083,Nisha Iyer,New,NH004,Luxury Wavy Human Hair Extensions,Hair Extensions,10999,6,True,True,21998,0,0,Website Chat,I have added this to my cart. Is anything else needed to complete the order?,2026-08-03 01:08:00,Purchased,21998,90,High,"['Repeated product views', 'Added product to cart', 'Started checkout', 'High-value cart']",No clear barrier,Checkout,Normal,Follow up with the high-intent shopper,
OPP_00196,CUST_23965,Ananya Sharma,New,NH002,Brown Wavy Clip-In Extensions,Hair Extensions,7499,3,False,False,0,0,0,Email,When will this product be back in stock?,2026-08-09 13:33:00,Not Purchased,0,12,Low,['Multiple product views'],Availability,Consideration,Normal,Confirm product availability or expected restock,
OPP_00197,CUST_21746,Pooja Singh,New,NH005,Invisible Tape Hair Extensions,Hair Extensions,11999,6,True,True,23998,0,0,WhatsApp,Can you confirm if this can be delivered by Friday?,2026-08-14 23:36:00,Purchased,23998,90,High,"['Repeated product views', 'Added product to cart', 'Started checkout', 'High-value cart']",Delivery,Checkout,High,Confirm delivery availability and expected delivery date,
OPP_00198,CUST_41816,Sanya Singh,Returning,NH006,Hair Topper - Natural Black,Hair Toppers,8499,2,False,False,0,1,23126,Website Chat,Do you have this in natural black right now?,2026-08-10 00:55:00,Not Purchased,0,10,Low,['Returning customer'],No clear barrier,Discovery,Normal,No immediate action required,
OPP_00199,CUST_73469,Ananya Joshi,New,NH003,Premium Straight Human Hair Extensions,Hair Extensions,8999,5,True,True,8999,0,0,Email,Which one would be best for thin hair?,2026-08-17 18:42:00,Purchased,8999,80,High,"['Repeated product views', 'Added product to cart', 'Started checkout']",Product suitability,Checkout,Normal,Recommend the most suitable product for the shopper,
OPP_00200,CUST_53544,Shreya Desai,New,NH008,Natural Black Ponytail Extension,Ponytails,4999,3,True,True,4999,0,0,Email,Do you have any offer running right now?,2026-08-08 23:48:00,Not Purchased,0,72,Medium,"['Multiple product views', 'Added product to cart', 'Started checkout']",Price,Checkout,Normal,Address the price concern and share applicable offers,
OPP_00201,CUST_33283,Sneha Joshi,Returning,NH007,Hair Topper - Brown,Hair Toppers,8999,5,True,True,8999,6,42954,Email,The price is a little high. Is there a better price available?,2026-08-17 04:32:00,Purchased,8999,90,High,"['Repeated product views', 'Added product to cart', 'Started checkout', 'Returning customer']",Price,Checkout,Normal,Address the price concern and share applicable offers,
OPP_00202,CUST_81516,Ishita Malhotra,Returning,NH008,Natural Black Ponytail Extension,Ponytails,4999,5,True,False,4999,2,25357,WhatsApp,Do you have this in natural black right now?,2026-08-11 21:06:00,Not Purchased,0,55,Medium,"['Repeated product views', 'Added product to cart', 'Returning customer']",No clear barrier,Cart,Normal,Nurture the shopper and provide useful product information,
OPP_00203,CUST_63627,Karan Mehta,New,NH004,Luxury Wavy Human Hair Extensions,Hair Extensions,10999,2,False,False,0,0,0,Email,Which one would be best for thin hair?,2026-08-07 02:59:00,Not Purchased,0,0,Low,[],Product suitability,Discovery,Normal,Recommend the most suitable product for the shopper,
OPP_00204,CUST_57124,Vikram Gupta,Returning,NH003,Premium Straight Human Hair Extensions,Hair Extensions,8999,6,True,True,17998,4,8847,WhatsApp,Is this real human hair?,2026-08-18 20:57:00,Purchased,17998,100,High,"['Repeated product views', 'Added product to cart', 'Started checkout', 'Returning customer', 'High-value cart']",Product quality,Checkout,Normal,Answer the shopper's product quality questions,
OPP_00205,CUST_53463,Tanya Patel,New,NH004,Luxury Wavy Human Hair Extensions,Hair Extensions,10999,6,True,False,21998,0,0,WhatsApp,Which one would be best for thin hair?,2026-08-07 06:18:00,Not Purchased,0,55,Medium,"['Repeated product views', 'Added product to cart', 'High-value cart']",Product suitability,Cart,Normal,Recommend the most suitable product for the shopper,
OPP_00206,CUST_59036,Sneha Verma,New,NH004,Luxury Wavy Human Hair Extensions,Hair Extensions,10999,6,False,False,0,0,0,Website Chat,How long does the hair normally last?,2026-08-01 22:24:00,Purchased,0,20,Low,['Repeated product views'],Product quality,Consideration,Normal,Answer the shopper's product quality questions,
OPP_00207,CUST_54966,Rahul Iyer,New,NH008,Natural Black Ponytail Extension,Ponytails,4999,2,True,False,4999,0,0,Website Chat,Do you have this in natural black right now?,2026-08-12 08:44:00,Not Purchased,0,25,Low,['Added product to cart'],No clear barrier,Cart,Normal,No immediate action required,
OPP_00208,CUST_54967,Neha Malhotra,New,NH006,Hair Topper - Natural Black,Hair Toppers,8499,5,True,True,8499,0,0,Website Chat,Do you have this in natural black right now?,2026-08-06 22:12:00,Purchased,8499,80,High,"['Repeated product views', 'Added product to cart', 'Started checkout']",No clear barrier,Checkout,Normal,Follow up with the high-intent shopper,
OPP_00209,CUST_63090,Ishita Mehta,New,NH009,Wavy Ponytail Extension,Ponytails,5499,7,True,True,10998,0,0,Instagram,Do you have any offer running right now?,2026-08-02 00:56:00,Purchased,10998,90,High,"['Repeated product views', 'Added product to cart', 'Started checkout', 'High-value cart']",Price,Checkout,Normal,Address the price concern and share applicable offers,
OPP_00210,CUST_18200,Sanya Patel,Returning,NH010,Human Hair Wig - Natural Black,Wigs,14999,2,False,False,0,4,42810,Website Chat,When will this product be back in stock?,2026-08-08 19:01:00,Not Purchased,0,10,Low,['Returning customer'],Availability,Discovery,Normal,Confirm product availability or expected restock,
OPP_00211,CUST_86939,Neha Joshi,New,NH004,Luxury Wavy Human Hair Extensions,Hair Extensions,10999,5,True,False,21998,0,0,Email,Will this work for short hair?,2026-08-15 10:09:00,Not Purchased,0,55,Medium,"['Repeated product views', 'Added product to cart', 'High-value cart']",No clear barrier,Cart,Normal,Nurture the shopper and provide useful product information,
OPP_00212,CUST_41270,Nisha Patel,Returning,NH003,Premium Straight Human Hair Extensions,Hair Extensions,8999,7,True,True,8999,6,23493,Website Chat,I loved my previous order. Which product is closest to it?,2026-08-17 03:42:00,Purchased,8999,90,High,"['Repeated product views', 'Added product to cart', 'Started checkout', 'Returning customer']",Product suitability,Checkout,Normal,Recommend the most suitable product for the shopper,
OPP_00213,CUST_94575,Ishita Singh,New,NH003,Premium Straight Human Hair Extensions,Hair Extensions,8999,3,True,True,17998,0,0,Website Chat,When will this product be back in stock?,2026-08-07 22:44:00,Not Purchased,0,82,High,"['Multiple product views', 'Added product to cart', 'Started checkout', 'High-value cart']",Availability,Checkout,Normal,Confirm product availability or expected restock,
OPP_00214,CUST_73518,Priya Shah,New,NH003,Premium Straight Human Hair Extensions,Hair Extensions,8999,1,False,False,0,0,0,Instagram,Can you tell me more about your products?,2026-08-12 21:02:00,Not Purchased,0,0,Low,[],No clear barrier,Discovery,Normal,No immediate action required,
OPP_00215,CUST_38905,Nisha Sharma,New,NH008,Natural Black Ponytail Extension,Ponytails,4999,5,True,True,4999,0,0,Email,Is this real human hair?,2026-08-13 14:36:00,Purchased,4999,80,High,"['Repeated product views', 'Added product to cart', 'Started checkout']",Product quality,Checkout,Normal,Answer the shopper's product quality questions,
OPP_00216,CUST_81186,Pooja Singh,New,NH005,Invisible Tape Hair Extensions,Hair Extensions,11999,5,True,True,11999,0,0,WhatsApp,Can I style and use heat on this hair?,2026-08-11 10:02:00,Purchased,11999,90,High,"['Repeated product views', 'Added product to cart', 'Started checkout', 'High-value cart']",Product quality,Checkout,Normal,Answer the shopper's product quality questions,
OPP_00217,CUST_21401,Rahul Agarwal,New,NH009,Wavy Ponytail Extension,Ponytails,5499,3,True,False,10998,0,0,WhatsApp,Is this shade currently available?,2026-08-06 03:37:00,Purchased,10998,47,Medium,"['Multiple product views', 'Added product to cart', 'High-value cart']",Color matching,Cart,Normal,Help the shopper choose the closest color match,
OPP_00218,CUST_84720,Pooja Singh,Returning,NH010,Human Hair Wig - Natural Black,Wigs,14999,3,True,False,14999,6,43994,Email,Can you help me select the closest shade?,2026-08-13 15:14:00,Not Purchased,0,57,Medium,"['Multiple product views', 'Added product to cart', 'Returning customer', 'High-value cart']",Color matching,Cart,Normal,Help the shopper choose the closest color match,
OPP_00219,CUST_63948,Aarav Kapoor,New,NH003,Premium Straight Human Hair Extensions,Hair Extensions,8999,4,True,False,8999,0,0,Website Chat,Can you help me select the closest shade?,2026-08-21 01:59:00,Purchased,8999,37,Low,"['Multiple product views', 'Added product to cart']",Color matching,Cart,Normal,Help the shopper choose the closest color match,
OPP_00220,CUST_74154,Priya Gupta,New,NH003,Premium Straight Human Hair Extensions,Hair Extensions,8999,1,False,False,0,0,0,Email,Can you tell me more about your products?,2026-08-10 19:13:00,Not Purchased,0,0,Low,[],No clear barrier,Discovery,Normal,No immediate action required,
OPP_00221,CUST_73968,Aditi Gupta,New,NH007,Hair Topper - Brown,Hair Toppers,8999,2,True,False,8999,0,0,WhatsApp,Can you help me select the closest shade?,2026-08-03 11:52:00,Not Purchased,0,25,Low,['Added product to cart'],Color matching,Cart,Normal,Help the shopper choose the closest color match,
OPP_00222,CUST_66314,Kavya Verma,New,NH008,Natural Black Ponytail Extension,Ponytails,4999,2,False,False,0,0,0,Email,I have dark brown hair. Which shade should I choose?,2026-08-20 05:23:00,Not Purchased,0,0,Low,[],Color matching,Discovery,Normal,Help the shopper choose the closest color match,
OPP_00223,CUST_99463,Aarav Sharma,New,NH005,Invisible Tape Hair Extensions,Hair Extensions,11999,6,False,False,0,0,0,WhatsApp,Can I return it if it doesn't work for me?,2026-08-01 17:53:00,Not Purchased,0,20,Low,['Repeated product views'],Returns,Consideration,Normal,Explain the applicable return or exchange policy,
OPP_00224,CUST_49566,Ishita Agarwal,Returning,NH002,Brown Wavy Clip-In Extensions,Hair Extensions,7499,5,True,False,7499,2,32920,Email,Is this real human hair?,2026-08-16 06:29:00,Not Purchased,0,55,Medium,"['Repeated product views', 'Added product to cart', 'Returning customer']",Product quality,Cart,Normal,Answer the shopper's product quality questions,
OPP_00225,CUST_21953,Neha Sharma,New,NH006,Hair Topper - Natural Black,Hair Toppers,8499,3,True,False,8499,0,0,Website Chat,When will this product be back in stock?,2026-08-03 03:33:00,Not Purchased,0,37,Low,"['Multiple product views', 'Added product to cart']",Availability,Cart,Normal,Confirm product availability or expected restock,
OPP_00226,CUST_65353,Priya Verma,New,NH003,Premium Straight Human Hair Extensions,Hair Extensions,8999,5,True,False,8999,0,0,WhatsApp,Is this real human hair?,2026-08-10 02:12:00,Not Purchased,0,45,Medium,"['Repeated product views', 'Added product to cart']",Product quality,Cart,Normal,Answer the shopper's product quality questions,
OPP_00227,CUST_98753,Priya Patel,Returning,NH002,Brown Wavy Clip-In Extensions,Hair Extensions,7499,4,True,False,7499,1,10763,WhatsApp,I'm not sure which type would suit my hair. Can you help?,2026-08-16 03:59:00,Not Purchased,0,47,Medium,"['Multiple product views', 'Added product to cart', 'Returning customer']",Product suitability,Cart,Normal,Recommend the most suitable product for the shopper,
OPP_00228,CUST_67984,Kavya Patel,New,NH003,Premium Straight Human Hair Extensions,Hair Extensions,8999,1,False,False,0,0,0,WhatsApp,What types of hair extensions do you have?,2026-08-18 11:56:00,Not Purchased,0,0,Low,[],No clear barrier,Discovery,Normal,No immediate action required,
OPP_00229,CUST_42527,Vikram Gupta,New,NH002,Brown Wavy Clip-In Extensions,Hair Extensions,7499,5,True,True,7499,0,0,Email,Do you have this in natural black right now?,2026-08-01 23:38:00,Purchased,7499,80,High,"['Repeated product views', 'Added product to cart', 'Started checkout']",No clear barrier,Checkout,Normal,Follow up with the high-intent shopper,
OPP_00230,CUST_17152,Meera Verma,New,NH005,Invisible Tape Hair Extensions,Hair Extensions,11999,3,False,False,0,0,0,Instagram,Is cash on delivery available?,2026-08-06 20:39:00,Not Purchased,0,12,Low,['Multiple product views'],Delivery,Consideration,Normal,Confirm delivery availability and expected delivery date,
OPP_00231,CUST_84498,Tanya Joshi,New,NH008,Natural Black Ponytail Extension,Ponytails,4999,3,True,False,4999,0,0,Website Chat,How many days will delivery take to my city?,2026-08-23 02:15:00,Purchased,4999,37,Low,"['Multiple product views', 'Added product to cart']",Delivery,Cart,Normal,Confirm delivery availability and expected delivery date,
OPP_00232,CUST_62163,Arjun Kapoor,New,NH002,Brown Wavy Clip-In Extensions,Hair Extensions,7499,5,True,True,7499,0,0,Instagram,How many days will delivery take to my city?,2026-08-17 08:16:00,Not Purchased,0,80,High,"['Repeated product views', 'Added product to cart', 'Started checkout']",Delivery,Checkout,Normal,Confirm delivery availability and expected delivery date,
OPP_00233,CUST_36633,Priya Singh,New,NH007,Hair Topper - Brown,Hair Toppers,8999,6,True,True,8999,0,0,Email,Can I return it if it doesn't work for me?,2026-08-14 17:16:00,Purchased,8999,80,High,"['Repeated product views', 'Added product to cart', 'Started checkout']",Returns,Checkout,Normal,Explain the applicable return or exchange policy,
OPP_00234,CUST_90254,Shreya Sharma,New,NH002,Brown Wavy Clip-In Extensions,Hair Extensions,7499,3,True,True,14998,0,0,Email,Do you have this in natural black right now?,2026-08-18 06:03:00,Purchased,14998,82,High,"['Multiple product views', 'Added product to cart', 'Started checkout', 'High-value cart']",No clear barrier,Checkout,Normal,Follow up with the high-intent shopper,
OPP_00235,CUST_26637,Simran Rao,New,NH003,Premium Straight Human Hair Extensions,Hair Extensions,8999,2,True,False,8999,0,0,WhatsApp,Will this match my natural hair color?,2026-08-08 23:57:00,Purchased,8999,25,Low,['Added product to cart'],Color matching,Cart,Normal,Help the shopper choose the closest color match,
OPP_00236,CUST_76949,Pooja Sharma,New,NH007,Hair Topper - Brown,Hair Toppers,8999,8,True,False,8999,0,0,Instagram,Can you confirm if this can be delivered by Friday?,2026-08-05 04:08:00,Not Purchased,0,45,Medium,"['Repeated product views', 'Added product to cart']",Delivery,Cart,High,Confirm delivery availability and expected delivery date,
OPP_00237,CUST_15772,Riya Shah,New,NH006,Hair Topper - Natural Black,Hair Toppers,8499,1,False,False,0,0,0,WhatsApp,I'm just exploring your hair extensions. What do you recommend?,2026-08-09 15:46:00,Not Purchased,0,0,Low,[],Product suitability,Discovery,Normal,Recommend the most suitable product for the shopper,
OPP_00238,CUST_20208,Sanya Joshi,Returning,NH007,Hair Topper - Brown,Hair Toppers,8999,5,True,True,8999,2,6317,WhatsApp,What is your return policy if the shade doesn't match?,2026-08-05 10:56:00,Purchased,8999,90,High,"['Repeated product views', 'Added product to cart', 'Started checkout', 'Returning customer']",Color matching,Checkout,Normal,Help the shopper choose the closest color match,
OPP_00239,CUST_82494,Rahul Sharma,Returning,NH004,Luxury Wavy Human Hair Extensions,Hair Extensions,10999,6,True,False,10999,1,30275,Email,I need this for a wedding next Saturday. Can it reach me before then?,2026-08-08 00:14:00,Purchased,10999,65,Medium,"['Repeated product views', 'Added product to cart', 'Returning customer', 'High-value cart']",Delivery,Cart,High,Confirm delivery availability and expected delivery date,
OPP_00240,CUST_81638,Meera Mehta,Returning,NH010,Human Hair Wig - Natural Black,Wigs,14999,4,True,False,14999,6,44810,WhatsApp,Will this work for short hair?,2026-08-01 22:03:00,Not Purchased,0,57,Medium,"['Multiple product views', 'Added product to cart', 'Returning customer', 'High-value cart']",No clear barrier,Cart,Normal,Nurture the shopper and provide useful product information,
OPP_00241,CUST_96154,Sneha Agarwal,New,NH004,Luxury Wavy Human Hair Extensions,Hair Extensions,10999,2,False,False,0,0,0,Email,Will this match my natural hair color?,2026-08-06 01:03:00,Purchased,0,0,Low,[],Color matching,Discovery,Normal,Help the shopper choose the closest color match,
OPP_00242,CUST_40339,Arjun Desai,Returning,NH009,Wavy Ponytail Extension,Ponytails,5499,4,True,True,5499,4,36245,Email,Can I place the order now?,2026-08-23 13:14:00,Purchased,5499,82,High,"['Multiple product views', 'Added product to cart', 'Started checkout', 'Returning customer']",No clear barrier,Checkout,Normal,Follow up with the high-intent shopper,
OPP_00243,CUST_27132,Meera Kapoor,New,NH002,Brown Wavy Clip-In Extensions,Hair Extensions,7499,5,True,False,14998,0,0,Email,How long does the hair normally last?,2026-08-22 10:44:00,Not Purchased,0,55,Medium,"['Repeated product views', 'Added product to cart', 'High-value cart']",Product quality,Cart,Normal,Answer the shopper's product quality questions,
OPP_00244,CUST_86638,Neha Mehta,Returning,NH007,Hair Topper - Brown,Hair Toppers,8999,4,True,False,8999,6,25381,WhatsApp,Which one would be best for thin hair?,2026-08-11 14:31:00,Not Purchased,0,47,Medium,"['Multiple product views', 'Added product to cart', 'Returning customer']",Product suitability,Cart,Normal,Recommend the most suitable product for the shopper,
OPP_00245,CUST_70731,Simran Agarwal,New,NH008,Natural Black Ponytail Extension,Ponytails,4999,5,True,False,4999,0,0,WhatsApp,Is there any discount available on this?,2026-08-04 23:04:00,Purchased,4999,45,Medium,"['Repeated product views', 'Added product to cart']",Price,Cart,Normal,Address the price concern and share applicable offers,
OPP_00246,CUST_61936,Arjun Sharma,Returning,NH005,Invisible Tape Hair Extensions,Hair Extensions,11999,5,True,True,11999,6,43538,Email,How many days will delivery take to my city?,2026-08-20 00:52:00,Not Purchased,0,100,High,"['Repeated product views', 'Added product to cart', 'Started checkout', 'Returning customer', 'High-value cart']",Delivery,Checkout,Normal,Confirm delivery availability and expected delivery date,"{'type': 'Loyalty discount', 'value': 10, 'description': '10% loyalty discount, up to ₹1,500'}"
OPP_00247,CUST_28322,Neha Sharma,New,NH003,Premium Straight Human Hair Extensions,Hair Extensions,8999,5,True,False,8999,0,0,WhatsApp,Is this shade currently available?,2026-08-04 08:23:00,Purchased,8999,45,Medium,"['Repeated product views', 'Added product to cart']",Color matching,Cart,Normal,Help the shopper choose the closest color match,
OPP_00248,CUST_18450,Kavya Malhotra,Returning,NH004,Luxury Wavy Human Hair Extensions,Hair Extensions,10999,4,False,False,0,3,9507,Instagram,Is cash on delivery available?,2026-08-03 11:13:00,Purchased,0,22,Low,"['Multiple product views', 'Returning customer']",Delivery,Consideration,Normal,Confirm delivery availability and expected delivery date,
OPP_00249,CUST_61773,Karan Sharma,New,NH006,Hair Topper - Natural Black,Hair Toppers,8499,3,True,True,16998,0,0,Instagram,I have added this to my cart. Is anything else needed to complete the order?,2026-08-11 02:00:00,Not Purchased,0,82,High,"['Multiple product views', 'Added product to cart', 'Started checkout', 'High-value cart']",No clear barrier,Checkout,Normal,Follow up with the high-intent shopper,
OPP_00250,CUST_91156,Shreya Shah,New,NH003,Premium Straight Human Hair Extensions,Hair Extensions,8999,5,True,True,8999,0,0,Email,I loved my previous order. Which product is closest to it?,2026-08-10 18:00:00,Purchased,8999,80,High,"['Repeated product views', 'Added product to cart', 'Started checkout']",Product suitability,Checkout,Normal,Recommend the most suitable product for the shopper,
OPP_00251,CUST_78919,Meera Malhotra,New,NH009,Wavy Ponytail Extension,Ponytails,5499,6,True,True,5499,0,0,WhatsApp,How many days will delivery take to my city?,2026-08-19 04:01:00,Purchased,5499,80,High,"['Repeated product views', 'Added product to cart', 'Started checkout']",Delivery,Checkout,Normal,Confirm delivery availability and expected delivery date,
OPP_00252,CUST_60905,Simran Mehta,New,NH006,Hair Topper - Natural Black,Hair Toppers,8499,2,False,False,0,0,0,WhatsApp,I'm just exploring your hair extensions. What do you recommend?,2026-08-14 23:06:00,Not Purchased,0,0,Low,[],Product suitability,Discovery,Normal,Recommend the most suitable product for the shopper,
OPP_00253,CUST_40508,Ishita Patel,New,NH004,Luxury Wavy Human Hair Extensions,Hair Extensions,10999,2,True,False,10999,0,0,Website Chat,Can you tell me more about your products?,2026-08-06 20:42:00,Not Purchased,0,35,Low,"['Added product to cart', 'High-value cart']",No clear barrier,Cart,Normal,No immediate action required,
OPP_00254,CUST_85457,Sneha Joshi,New,NH005,Invisible Tape Hair Extensions,Hair Extensions,11999,1,False,False,0,0,0,Website Chat,What types of hair extensions do you have?,2026-08-06 18:11:00,Not Purchased,0,0,Low,[],No clear barrier,Discovery,Normal,No immediate action required,
OPP_00255,CUST_56095,Sanya Gupta,New,NH010,Human Hair Wig - Natural Black,Wigs,14999,2,False,False,0,0,0,Website Chat,Can you tell me more about your products?,2026-08-22 22:56:00,Purchased,0,0,Low,[],No clear barrier,Discovery,Normal,No immediate action required,
OPP_00256,CUST_72650,Riya Joshi,Returning,NH004,Luxury Wavy Human Hair Extensions,Hair Extensions,10999,5,True,True,10999,4,39528,Website Chat,Which one would be best for thin hair?,2026-08-09 03:05:00,Purchased,10999,100,High,"['Repeated product views', 'Added product to cart', 'Started checkout', 'Returning customer', 'High-value cart']",Product suitability,Checkout,Normal,Recommend the most suitable product for the shopper,
OPP_00257,CUST_78982,Pooja Patel,Returning,NH003,Premium Straight Human Hair Extensions,Hair Extensions,8999,7,True,True,8999,3,7903,Email,Can you confirm if this can be delivered by Friday?,2026-08-22 19:24:00,Purchased,8999,90,High,"['Repeated product views', 'Added product to cart', 'Started checkout', 'Returning customer']",Delivery,Checkout,High,Confirm delivery availability and expected delivery date,
OPP_00258,CUST_73858,Aditi Mehta,New,NH007,Hair Topper - Brown,Hair Toppers,8999,4,True,True,17998,0,0,Email,Which one would be best for thin hair?,2026-08-16 12:28:00,Not Purchased,0,82,High,"['Multiple product views', 'Added product to cart', 'Started checkout', 'High-value cart']",Product suitability,Checkout,Normal,Recommend the most suitable product for the shopper,
OPP_00259,CUST_85082,Sneha Agarwal,Returning,NH010,Human Hair Wig - Natural Black,Wigs,14999,2,False,False,0,4,24107,WhatsApp,What types of hair extensions do you have?,2026-08-15 01:59:00,Not Purchased,0,10,Low,['Returning customer'],No clear barrier,Discovery,Normal,No immediate action required,
OPP_00260,CUST_20198,Meera Joshi,Returning,NH006,Hair Topper - Natural Black,Hair Toppers,8499,2,False,False,0,5,18476,Email,Will this match my natural hair color?,2026-08-15 20:26:00,Not Purchased,0,10,Low,['Returning customer'],Color matching,Discovery,Normal,Help the shopper choose the closest color match,
OPP_00261,CUST_24160,Riya Sharma,Returning,NH002,Brown Wavy Clip-In Extensions,Hair Extensions,7499,4,True,False,7499,6,26003,Instagram,How long does the hair normally last?,2026-08-18 01:05:00,Purchased,7499,47,Medium,"['Multiple product views', 'Added product to cart', 'Returning customer']",Product quality,Cart,Normal,Answer the shopper's product quality questions,
OPP_00262,CUST_85766,Meera Mehta,Returning,NH007,Hair Topper - Brown,Hair Toppers,8999,5,True,True,8999,4,36314,Instagram,I bought from you before. Do you have the same shade again?,2026-08-19 13:28:00,Purchased,8999,90,High,"['Repeated product views', 'Added product to cart', 'Started checkout', 'Returning customer']",Color matching,Checkout,Normal,Help the shopper choose the closest color match,
OPP_00263,CUST_19830,Vikram Patel,New,NH001,Natural Black Clip-In Extensions,Hair Extensions,6999,2,True,True,13998,0,0,Email,I'm not sure which type would suit my hair. Can you help?,2026-08-23 19:05:00,Purchased,13998,70,Medium,"['Added product to cart', 'Started checkout', 'High-value cart']",Product suitability,Checkout,Normal,Recommend the most suitable product for the shopper,
OPP_00264,CUST_36941,Kavya Desai,Returning,NH010,Human Hair Wig - Natural Black,Wigs,14999,3,True,True,14999,6,6031,Email,Do you have this in natural black right now?,2026-08-07 18:44:00,Purchased,14999,92,High,"['Multiple product views', 'Added product to cart', 'Started checkout', 'Returning customer', 'High-value cart']",No clear barrier,Checkout,Normal,Follow up with the high-intent shopper,
OPP_00265,CUST_57294,Riya Desai,New,NH005,Invisible Tape Hair Extensions,Hair Extensions,11999,7,True,True,23998,0,0,WhatsApp,How many days will delivery take to my city?,2026-08-20 02:57:00,Purchased,23998,90,High,"['Repeated product views', 'Added product to cart', 'Started checkout', 'High-value cart']",Delivery,Checkout,Normal,Confirm delivery availability and expected delivery date,
OPP_00266,CUST_72071,Neha Kapoor,New,NH010,Human Hair Wig - Natural Black,Wigs,14999,4,True,True,14999,0,0,Instagram,How many days will delivery take to my city?,2026-08-12 12:06:00,Not Purchased,0,82,High,"['Multiple product views', 'Added product to cart', 'Started checkout', 'High-value cart']",Delivery,Checkout,Normal,Confirm delivery availability and expected delivery date,
OPP_00267,CUST_44510,Rahul Verma,New,NH005,Invisible Tape Hair Extensions,Hair Extensions,11999,3,True,True,11999,0,0,Email,What is your return policy if the shade doesn't match?,2026-08-20 10:09:00,Purchased,11999,82,High,"['Multiple product views', 'Added product to cart', 'Started checkout', 'High-value cart']",Color matching,Checkout,Normal,Help the shopper choose the closest color match,
OPP_00268,CUST_80968,Tanya Iyer,New,NH005,Invisible Tape Hair Extensions,Hair Extensions,11999,8,True,True,11999,0,0,Website Chat,The price is a little high. Is there a better price available?,2026-08-02 18:18:00,Purchased,11999,90,High,"['Repeated product views', 'Added product to cart', 'Started checkout', 'High-value cart']",Price,Checkout,Normal,Address the price concern and share applicable offers,
OPP_00269,CUST_14551,Arjun Gupta,Returning,NH007,Hair Topper - Brown,Hair Toppers,8999,5,True,True,8999,4,39095,Website Chat,Will this match my natural hair color?,2026-08-22 23:25:00,Purchased,8999,90,High,"['Repeated product views', 'Added product to cart', 'Started checkout', 'Returning customer']",Color matching,Checkout,Normal,Help the shopper choose the closest color match,
OPP_00270,CUST_20271,Tanya Shah,New,NH008,Natural Black Ponytail Extension,Ponytails,4999,4,True,False,4999,0,0,Website Chat,I have added this to my cart. Is anything else needed to complete the order?,2026-08-07 05:50:00,Purchased,4999,37,Low,"['Multiple product views', 'Added product to cart']",No clear barrier,Cart,Normal,No immediate action required,
OPP_00271,CUST_11620,Shreya Gupta,Returning,NH006,Hair Topper - Natural Black,Hair Toppers,8499,5,True,False,16998,1,9703,Instagram,Is this shade currently available?,2026-08-10 19:20:00,Not Purchased,0,65,Medium,"['Repeated product views', 'Added product to cart', 'Returning customer', 'High-value cart']",Color matching,Cart,Normal,Help the shopper choose the closest color match,
OPP_00272,CUST_23237,Nisha Agarwal,New,NH003,Premium Straight Human Hair Extensions,Hair Extensions,8999,2,False,False,0,0,0,Email,Can I pay using UPI?,2026-08-07 09:15:00,Not Purchased,0,0,Low,[],Payment,Discovery,Normal,Explain available payment options,
OPP_00273,CUST_99235,Sneha Sharma,New,NH007,Hair Topper - Brown,Hair Toppers,8999,5,True,True,8999,0,0,Instagram,Can I return it if it doesn't work for me?,2026-08-17 02:06:00,Purchased,8999,80,High,"['Repeated product views', 'Added product to cart', 'Started checkout']",Returns,Checkout,Normal,Explain the applicable return or exchange policy,
OPP_00274,CUST_49722,Nisha Kapoor,New,NH004,Luxury Wavy Human Hair Extensions,Hair Extensions,10999,4,False,False,0,0,0,Instagram,Can I style and use heat on this hair?,2026-08-16 23:01:00,Purchased,0,12,Low,['Multiple product views'],Product quality,Consideration,Normal,Answer the shopper's product quality questions,
OPP_00275,CUST_64627,Shreya Malhotra,Returning,NH002,Brown Wavy Clip-In Extensions,Hair Extensions,7499,5,False,False,0,2,12807,WhatsApp,Which one would be best for thin hair?,2026-08-11 10:14:00,Not Purchased,0,30,Low,"['Repeated product views', 'Returning customer']",Product suitability,Consideration,Normal,Recommend the most suitable product for the shopper,
OPP_00276,CUST_30836,Ananya Kapoor,Returning,NH004,Luxury Wavy Human Hair Extensions,Hair Extensions,10999,2,False,False,0,4,35749,Instagram,What types of hair extensions do you have?,2026-08-19 03:15:00,Not Purchased,0,10,Low,['Returning customer'],No clear barrier,Discovery,Normal,No immediate action required,
OPP_00277,CUST_16626,Pooja Rao,Returning,NH009,Wavy Ponytail Extension,Ponytails,5499,4,True,False,5499,1,15386,Website Chat,Do you have any offer running right now?,2026-08-09 18:10:00,Purchased,5499,47,Medium,"['Multiple product views', 'Added product to cart', 'Returning customer']",Price,Cart,Normal,Address the price concern and share applicable offers,
OPP_00278,CUST_74066,Shreya Verma,New,NH008,Natural Black Ponytail Extension,Ponytails,4999,2,False,False,0,0,0,Website Chat,I have dark brown hair. Which shade should I choose?,2026-08-14 17:30:00,Not Purchased,0,0,Low,[],Color matching,Discovery,Normal,Help the shopper choose the closest color match,
OPP_00279,CUST_60667,Aarav Mehta,New,NH009,Wavy Ponytail Extension,Ponytails,5499,5,True,False,5499,0,0,Website Chat,Is there any discount available on this?,2026-08-16 02:33:00,Purchased,5499,45,Medium,"['Repeated product views', 'Added product to cart']",Price,Cart,Normal,Address the price concern and share applicable offers,
OPP_00280,CUST_27342,Ishita Gupta,New,NH004,Luxury Wavy Human Hair Extensions,Hair Extensions,10999,5,True,False,10999,0,0,WhatsApp,Which one would be best for thin hair?,2026-08-07 02:50:00,Not Purchased,0,55,Medium,"['Repeated product views', 'Added product to cart', 'High-value cart']",Product suitability,Cart,Normal,Recommend the most suitable product for the shopper,
OPP_00281,CUST_38601,Rahul Kapoor,Returning,NH010,Human Hair Wig - Natural Black,Wigs,14999,5,False,False,0,3,22047,Instagram,Do you have this in natural black right now?,2026-08-03 16:52:00,Not Purchased,0,30,Low,"['Repeated product views', 'Returning customer']",No clear barrier,Consideration,Normal,No immediate action required,
OPP_00282,CUST_24169,Karan Patel,New,NH001,Natural Black Clip-In Extensions,Hair Extensions,6999,4,True,False,6999,0,0,Email,I have dark brown hair. Which shade should I choose?,2026-08-15 22:51:00,Purchased,6999,37,Low,"['Multiple product views', 'Added product to cart']",Color matching,Cart,Normal,Help the shopper choose the closest color match,
OPP_00283,CUST_88647,Sneha Malhotra,Returning,NH006,Hair Topper - Natural Black,Hair Toppers,8499,7,True,False,8499,3,23581,Email,The price is a little high. Is there a better price available?,2026-08-04 13:25:00,Not Purchased,0,55,Medium,"['Repeated product views', 'Added product to cart', 'Returning customer']",Price,Cart,Normal,Address the price concern and share applicable offers,
OPP_00284,CUST_14629,Sanya Rao,New,NH001,Natural Black Clip-In Extensions,Hair Extensions,6999,5,True,False,13998,0,0,Website Chat,Can I place the order now?,2026-08-17 21:47:00,Purchased,13998,55,Medium,"['Repeated product views', 'Added product to cart', 'High-value cart']",No clear barrier,Cart,Normal,Nurture the shopper and provide useful product information,
OPP_00285,CUST_96194,Vikram Mehta,Returning,NH004,Luxury Wavy Human Hair Extensions,Hair Extensions,10999,8,True,True,10999,6,35177,Email,I bought from you before. Do you have the same shade again?,2026-08-12 02:06:00,Purchased,10999,100,High,"['Repeated product views', 'Added product to cart', 'Started checkout', 'Returning customer', 'High-value cart']",Color matching,Checkout,Normal,Help the shopper choose the closest color match,
OPP_00286,CUST_95778,Ananya Shah,Returning,NH003,Premium Straight Human Hair Extensions,Hair Extensions,8999,1,False,False,0,6,40636,Email,What types of hair extensions do you have?,2026-08-18 07:26:00,Not Purchased,0,10,Low,['Returning customer'],No clear barrier,Discovery,Normal,No immediate action required,
OPP_00287,CUST_25437,Karan Sharma,New,NH005,Invisible Tape Hair Extensions,Hair Extensions,11999,5,True,True,11999,0,0,WhatsApp,I loved my previous order. Which product is closest to it?,2026-08-21 14:44:00,Purchased,11999,90,High,"['Repeated product views', 'Added product to cart', 'Started checkout', 'High-value cart']",Product suitability,Checkout,Normal,Recommend the most suitable product for the shopper,
OPP_00288,CUST_29762,Priya Shah,New,NH004,Luxury Wavy Human Hair Extensions,Hair Extensions,10999,6,True,True,21998,0,0,Email,I loved my previous order. Which product is closest to it?,2026-08-23 20:08:00,Purchased,21998,90,High,"['Repeated product views', 'Added product to cart', 'Started checkout', 'High-value cart']",Product suitability,Checkout,Normal,Recommend the most suitable product for the shopper,
OPP_00289,CUST_92710,Ishita Joshi,Returning,NH010,Human Hair Wig - Natural Black,Wigs,14999,3,False,False,0,4,13386,WhatsApp,Which one would be best for thin hair?,2026-08-11 15:52:00,Not Purchased,0,22,Low,"['Multiple product views', 'Returning customer']",Product suitability,Consideration,Normal,Recommend the most suitable product for the shopper,
OPP_00290,CUST_21539,Priya Gupta,New,NH005,Invisible Tape Hair Extensions,Hair Extensions,11999,1,False,False,0,0,0,Instagram,Can you tell me more about your products?,2026-08-11 03:30:00,Not Purchased,0,0,Low,[],No clear barrier,Discovery,Normal,No immediate action required,
OPP_00291,CUST_52233,Arjun Shah,New,NH007,Hair Topper - Brown,Hair Toppers,8999,2,True,True,8999,0,0,WhatsApp,Can I style and use heat on this hair?,2026-08-01 11:15:00,Not Purchased,0,60,Medium,"['Added product to cart', 'Started checkout']",Product quality,Checkout,Normal,Answer the shopper's product quality questions,
OPP_00292,CUST_50123,Ishita Patel,New,NH004,Luxury Wavy Human Hair Extensions,Hair Extensions,10999,5,True,True,21998,0,0,WhatsApp,I loved my previous order. Which product is closest to it?,2026-08-22 22:59:00,Purchased,21998,90,High,"['Repeated product views', 'Added product to cart', 'Started checkout', 'High-value cart']",Product suitability,Checkout,Normal,Recommend the most suitable product for the shopper,
OPP_00293,CUST_74248,Pooja Iyer,New,NH005,Invisible Tape Hair Extensions,Hair Extensions,11999,6,True,False,11999,0,0,Website Chat,What is your return policy if the shade doesn't match?,2026-08-22 22:46:00,Purchased,11999,55,Medium,"['Repeated product views', 'Added product to cart', 'High-value cart']",Color matching,Cart,Normal,Help the shopper choose the closest color match,
OPP_00294,CUST_32149,Neha Joshi,New,NH007,Hair Topper - Brown,Hair Toppers,8999,4,True,True,8999,0,0,WhatsApp,Do you have any offer running right now?,2026-08-21 07:42:00,Purchased,8999,72,Medium,"['Multiple product views', 'Added product to cart', 'Started checkout']",Price,Checkout,Normal,Address the price concern and share applicable offers,
OPP_00295,CUST_12587,Aarav Rao,Returning,NH005,Invisible Tape Hair Extensions,Hair Extensions,11999,2,False,False,0,5,7184,WhatsApp,Can I pay using UPI?,2026-08-11 11:39:00,Not Purchased,0,10,Low,['Returning customer'],Payment,Discovery,Normal,Explain available payment options,
OPP_00296,CUST_96725,Neha Malhotra,New,NH007,Hair Topper - Brown,Hair Toppers,8999,3,True,False,8999,0,0,Email,I'm not sure which type would suit my hair. Can you help?,2026-08-15 03:45:00,Purchased,8999,37,Low,"['Multiple product views', 'Added product to cart']",Product suitability,Cart,Normal,Recommend the most suitable product for the shopper,
OPP_00297,CUST_23928,Karan Shah,New,NH003,Premium Straight Human Hair Extensions,Hair Extensions,8999,7,True,True,8999,0,0,Website Chat,I loved my previous order. Which product is closest to it?,2026-08-20 07:06:00,Purchased,8999,80,High,"['Repeated product views', 'Added product to cart', 'Started checkout']",Product suitability,Checkout,Normal,Recommend the most suitable product for the shopper,
OPP_00298,CUST_10358,Riya Malhotra,Returning,NH009,Wavy Ponytail Extension,Ponytails,5499,2,True,False,10998,3,30853,WhatsApp,Which one would be best for thin hair?,2026-08-20 09:08:00,Purchased,10998,45,Medium,"['Added product to cart', 'Returning customer', 'High-value cart']",Product suitability,Cart,Normal,Recommend the most suitable product for the shopper,
OPP_00299,CUST_23276,Simran Malhotra,New,NH010,Human Hair Wig - Natural Black,Wigs,14999,3,True,False,14999,0,0,Website Chat,Do you have any offer running right now?,2026-08-23 20:56:00,Not Purchased,0,47,Medium,"['Multiple product views', 'Added product to cart', 'High-value cart']",Price,Cart,Normal,Address the price concern and share applicable offers,
OPP_00300,CUST_98705,Aditi Desai,New,NH005,Invisible Tape Hair Extensions,Hair Extensions,11999,4,True,False,11999,0,0,WhatsApp,I need this for a wedding next Saturday. Can it reach me before then?,2026-08-20 17:53:00,Purchased,11999,47,Medium,"['Multiple product views', 'Added product to cart', 'High-value cart']",Delivery,Cart,High,Confirm delivery availability and expected delivery date,
OPP_00301,CUST_91501,Simran Rao,New,NH001,Natural Black Clip-In Extensions,Hair Extensions,6999,8,True,True,6999,0,0,WhatsApp,Do you have any offer running right now?,2026-08-19 22:04:00,Not Purchased,0,80,High,"['Repeated product views', 'Added product to cart', 'Started checkout']",Price,Checkout,Normal,Address the price concern and share applicable offers,"{'type': 'Percentage discount', 'value': 5, 'description': '5% off the current cart'}"
OPP_00302,CUST_95045,Ishita Patel,New,NH006,Hair Topper - Natural Black,Hair Toppers,8499,5,True,True,16998,0,0,Website Chat,Do you have this in natural black right now?,2026-08-17 21:43:00,Not Purchased,0,90,High,"['Repeated product views', 'Added product to cart', 'Started checkout', 'High-value cart']",No clear barrier,Checkout,Normal,Follow up with the high-intent shopper,
OPP_00303,CUST_59774,Pooja Gupta,Returning,NH001,Natural Black Clip-In Extensions,Hair Extensions,6999,6,True,False,13998,2,10796,WhatsApp,Do you have this in natural black right now?,2026-08-21 09:34:00,Purchased,13998,65,Medium,"['Repeated product views', 'Added product to cart', 'Returning customer', 'High-value cart']",No clear barrier,Cart,Normal,Nurture the shopper and provide useful product information,
OPP_00304,CUST_98857,Arjun Iyer,New,NH003,Premium Straight Human Hair Extensions,Hair Extensions,8999,5,True,True,8999,0,0,Website Chat,Can I style and use heat on this hair?,2026-08-21 05:51:00,Purchased,8999,80,High,"['Repeated product views', 'Added product to cart', 'Started checkout']",Product quality,Checkout,Normal,Answer the shopper's product quality questions,
OPP_00305,CUST_96993,Sneha Mehta,New,NH006,Hair Topper - Natural Black,Hair Toppers,8499,6,True,False,8499,0,0,WhatsApp,Will this match my natural hair color?,2026-08-16 00:22:00,Not Purchased,0,45,Medium,"['Repeated product views', 'Added product to cart']",Color matching,Cart,Normal,Help the shopper choose the closest color match,
OPP_00306,CUST_74441,Aditi Shah,New,NH003,Premium Straight Human Hair Extensions,Hair Extensions,8999,5,False,False,0,0,0,Email,How long does the hair normally last?,2026-08-02 12:29:00,Purchased,0,20,Low,['Repeated product views'],Product quality,Consideration,Normal,Answer the shopper's product quality questions,
OPP_00307,CUST_68220,Sanya Verma,New,NH009,Wavy Ponytail Extension,Ponytails,5499,5,False,False,0,0,0,WhatsApp,I have dark brown hair. Which shade should I choose?,2026-08-11 13:09:00,Purchased,0,20,Low,['Repeated product views'],Color matching,Consideration,Normal,Help the shopper choose the closest color match,
OPP_00308,CUST_89194,Shreya Malhotra,New,NH006,Hair Topper - Natural Black,Hair Toppers,8499,2,True,True,8499,0,0,Email,Can I style and use heat on this hair?,2026-08-14 04:06:00,Not Purchased,0,60,Medium,"['Added product to cart', 'Started checkout']",Product quality,Checkout,Normal,Answer the shopper's product quality questions,
OPP_00309,CUST_53512,Vikram Iyer,New,NH004,Luxury Wavy Human Hair Extensions,Hair Extensions,10999,4,True,True,10999,0,0,Instagram,Can I style and use heat on this hair?,2026-08-16 07:54:00,Not Purchased,0,82,High,"['Multiple product views', 'Added product to cart', 'Started checkout', 'High-value cart']",Product quality,Checkout,Normal,Answer the shopper's product quality questions,
OPP_00310,CUST_59006,Neha Sharma,Returning,NH006,Hair Topper - Natural Black,Hair Toppers,8499,1,True,False,8499,1,10385,Website Chat,I'm just exploring your hair extensions. What do you recommend?,2026-08-04 13:42:00,Not Purchased,0,35,Low,"['Added product to cart', 'Returning customer']",Product suitability,Cart,Normal,Recommend the most suitable product for the shopper,
OPP_00311,CUST_34979,Aditi Patel,New,NH007,Hair Topper - Brown,Hair Toppers,8999,3,True,False,8999,0,0,Instagram,Is cash on delivery available?,2026-08-22 11:03:00,Not Purchased,0,37,Low,"['Multiple product views', 'Added product to cart']",Delivery,Cart,Normal,Confirm delivery availability and expected delivery date,
OPP_00312,CUST_10568,Arjun Rao,New,NH010,Human Hair Wig - Natural Black,Wigs,14999,6,True,True,14999,0,0,WhatsApp,I've purchased from you before. Is this the same quality?,2026-08-22 15:48:00,Not Purchased,0,90,High,"['Repeated product views', 'Added product to cart', 'Started checkout', 'High-value cart']",Product quality,Checkout,Normal,Answer the shopper's product quality questions,
OPP_00313,CUST_26827,Neha Desai,Returning,NH007,Hair Topper - Brown,Hair Toppers,8999,1,False,False,0,4,37314,Email,Can you tell me more about your products?,2026-08-21 10:21:00,Not Purchased,0,10,Low,['Returning customer'],No clear barrier,Discovery,Normal,No immediate action required,
OPP_00314,CUST_27481,Priya Desai,New,NH007,Hair Topper - Brown,Hair Toppers,8999,3,True,False,8999,0,0,Email,Do you offer EMI or other payment options?,2026-08-13 20:10:00,Not Purchased,0,37,Low,"['Multiple product views', 'Added product to cart']",Price,Cart,Normal,Address the price concern and share applicable offers,
OPP_00315,CUST_27389,Ishita Singh,Returning,NH006,Hair Topper - Natural Black,Hair Toppers,8499,7,True,True,8499,5,18243,Email,The price is a little high. Is there a better price available?,2026-08-04 00:01:00,Not Purchased,0,90,High,"['Repeated product views', 'Added product to cart', 'Started checkout', 'Returning customer']",Price,Checkout,Normal,Address the price concern and share applicable offers,"{'type': 'Percentage discount', 'value': 10, 'description': '10% off, up to ₹1,500'}"
OPP_00316,CUST_79979,Nisha Agarwal,New,NH006,Hair Topper - Natural Black,Hair Toppers,8499,5,False,False,0,0,0,Instagram,Is cash on delivery available?,2026-08-13 06:28:00,Not Purchased,0,20,Low,['Repeated product views'],Delivery,Consideration,Normal,Confirm delivery availability and expected delivery date,
OPP_00317,CUST_31094,Nisha Malhotra,New,NH002,Brown Wavy Clip-In Extensions,Hair Extensions,7499,8,True,True,7499,0,0,Email,Is there any discount available on this?,2026-08-20 11:24:00,Purchased,7499,80,High,"['Repeated product views', 'Added product to cart', 'Started checkout']",Price,Checkout,Normal,Address the price concern and share applicable offers,
OPP_00318,CUST_90754,Vikram Agarwal,Returning,NH001,Natural Black Clip-In Extensions,Hair Extensions,6999,1,False,False,0,3,17369,Website Chat,Can you tell me more about your products?,2026-08-16 02:24:00,Not Purchased,0,10,Low,['Returning customer'],No clear barrier,Discovery,Normal,No immediate action required,
OPP_00319,CUST_60014,Sneha Desai,New,NH009,Wavy Ponytail Extension,Ponytails,5499,4,False,False,0,0,0,Email,Can I style and use heat on this hair?,2026-08-02 14:22:00,Purchased,0,12,Low,['Multiple product views'],Product quality,Consideration,Normal,Answer the shopper's product quality questions,
OPP_00320,CUST_81645,Shreya Shah,Returning,NH001,Natural Black Clip-In Extensions,Hair Extensions,6999,6,True,False,6999,2,44669,Website Chat,I loved my previous order. Which product is closest to it?,2026-08-11 14:06:00,Not Purchased,0,55,Medium,"['Repeated product views', 'Added product to cart', 'Returning customer']",Product suitability,Cart,Normal,Recommend the most suitable product for the shopper,
OPP_00321,CUST_46583,Vikram Kapoor,Returning,NH003,Premium Straight Human Hair Extensions,Hair Extensions,8999,8,True,True,17998,1,16253,Website Chat,I want to order this today. How do I proceed?,2026-08-14 15:56:00,Purchased,17998,100,High,"['Repeated product views', 'Added product to cart', 'Started checkout', 'Returning customer', 'High-value cart']",No clear barrier,Checkout,High,Follow up with the high-intent shopper,
OPP_00322,CUST_91968,Shreya Agarwal,New,NH005,Invisible Tape Hair Extensions,Hair Extensions,11999,3,True,False,11999,0,0,Email,How long does the hair normally last?,2026-08-19 08:23:00,Not Purchased,0,47,Medium,"['Multiple product views', 'Added product to cart', 'High-value cart']",Product quality,Cart,Normal,Answer the shopper's product quality questions,
OPP_00323,CUST_78236,Ananya Iyer,New,NH010,Human Hair Wig - Natural Black,Wigs,14999,8,True,True,14999,0,0,Website Chat,How many days will delivery take to my city?,2026-08-13 17:35:00,Not Purchased,0,90,High,"['Repeated product views', 'Added product to cart', 'Started checkout', 'High-value cart']",Delivery,Checkout,Normal,Confirm delivery availability and expected delivery date,
OPP_00324,CUST_48479,Kavya Iyer,New,NH009,Wavy Ponytail Extension,Ponytails,5499,3,False,False,0,0,0,Instagram,I'm not sure which type would suit my hair. Can you help?,2026-08-20 02:50:00,Not Purchased,0,12,Low,['Multiple product views'],Product suitability,Consideration,Normal,Recommend the most suitable product for the shopper,
OPP_00325,CUST_91412,Meera Sharma,New,NH001,Natural Black Clip-In Extensions,Hair Extensions,6999,3,False,False,0,0,0,Email,Will this work for short hair?,2026-08-22 05:13:00,Not Purchased,0,12,Low,['Multiple product views'],No clear barrier,Consideration,Normal,No immediate action required,
OPP_00326,CUST_76680,Rahul Verma,New,NH002,Brown Wavy Clip-In Extensions,Hair Extensions,7499,4,True,False,7499,0,0,WhatsApp,Can I return it if it doesn't work for me?,2026-08-21 19:34:00,Not Purchased,0,37,Low,"['Multiple product views', 'Added product to cart']",Returns,Cart,Normal,Explain the applicable return or exchange policy,
OPP_00327,CUST_37627,Kavya Agarwal,New,NH004,Luxury Wavy Human Hair Extensions,Hair Extensions,10999,3,True,True,10999,0,0,Instagram,I need this for a wedding next Saturday. Can it reach me before then?,2026-08-06 01:16:00,Not Purchased,0,82,High,"['Multiple product views', 'Added product to cart', 'Started checkout', 'High-value cart']",Delivery,Checkout,High,Confirm delivery availability and expected delivery date,
OPP_00328,CUST_70191,Aditi Sharma,Returning,NH009,Wavy Ponytail Extension,Ponytails,5499,2,False,False,0,6,32523,WhatsApp,Will this match my natural hair color?,2026-08-02 14:38:00,Not Purchased,0,10,Low,['Returning customer'],Color matching,Discovery,Normal,Help the shopper choose the closest color match,
OPP_00329,CUST_69129,Sneha Desai,Returning,NH003,Premium Straight Human Hair Extensions,Hair Extensions,8999,3,False,False,0,5,8616,Email,What is your return policy if the shade doesn't match?,2026-08-10 05:43:00,Not Purchased,0,22,Low,"['Multiple product views', 'Returning customer']",Color matching,Consideration,Normal,Help the shopper choose the closest color match,
OPP_00330,CUST_19514,Pooja Singh,New,NH002,Brown Wavy Clip-In Extensions,Hair Extensions,7499,6,True,False,7499,0,0,WhatsApp,I have dark brown hair. Which shade should I choose?,2026-08-19 06:44:00,Not Purchased,0,45,Medium,"['Repeated product views', 'Added product to cart']",Color matching,Cart,Normal,Help the shopper choose the closest color match,
OPP_00331,CUST_79922,Meera Mehta,New,NH005,Invisible Tape Hair Extensions,Hair Extensions,11999,5,True,False,11999,0,0,Instagram,I'm not sure which type would suit my hair. Can you help?,2026-08-08 02:05:00,Not Purchased,0,55,Medium,"['Repeated product views', 'Added product to cart', 'High-value cart']",Product suitability,Cart,Normal,Recommend the most suitable product for the shopper,
OPP_00332,CUST_82754,Priya Patel,New,NH003,Premium Straight Human Hair Extensions,Hair Extensions,8999,8,True,True,8999,0,0,WhatsApp,I bought from you before. Do you have the same shade again?,2026-08-14 09:46:00,Purchased,8999,80,High,"['Repeated product views', 'Added product to cart', 'Started checkout']",Color matching,Checkout,Normal,Help the shopper choose the closest color match,
OPP_00333,CUST_94663,Arjun Mehta,New,NH010,Human Hair Wig - Natural Black,Wigs,14999,2,True,False,14999,0,0,Website Chat,What is your return policy if the shade doesn't match?,2026-08-06 09:34:00,Purchased,14999,35,Low,"['Added product to cart', 'High-value cart']",Color matching,Cart,Normal,Help the shopper choose the closest color match,
OPP_00334,CUST_19587,Nisha Malhotra,Returning,NH010,Human Hair Wig - Natural Black,Wigs,14999,7,True,False,29998,2,11511,WhatsApp,Do you have any offer running right now?,2026-08-03 14:37:00,Not Purchased,0,65,Medium,"['Repeated product views', 'Added product to cart', 'Returning customer', 'High-value cart']",Price,Cart,Normal,Address the price concern and share applicable offers,
OPP_00335,CUST_69067,Aditi Gupta,Returning,NH004,Luxury Wavy Human Hair Extensions,Hair Extensions,10999,3,True,False,10999,4,25682,Email,I'm not sure which type would suit my hair. Can you help?,2026-08-14 16:02:00,Purchased,10999,57,Medium,"['Multiple product views', 'Added product to cart', 'Returning customer', 'High-value cart']",Product suitability,Cart,Normal,Recommend the most suitable product for the shopper,
OPP_00336,CUST_51053,Meera Iyer,New,NH003,Premium Straight Human Hair Extensions,Hair Extensions,8999,4,False,False,0,0,0,Website Chat,Do you have this in natural black right now?,2026-08-18 05:02:00,Purchased,0,12,Low,['Multiple product views'],No clear barrier,Consideration,Normal,No immediate action required,
OPP_00337,CUST_57020,Nisha Verma,New,NH007,Hair Topper - Brown,Hair Toppers,8999,4,False,False,0,0,0,WhatsApp,Which one would be best for thin hair?,2026-08-16 01:33:00,Not Purchased,0,12,Low,['Multiple product views'],Product suitability,Consideration,Normal,Recommend the most suitable product for the shopper,
OPP_00338,CUST_92132,Ananya Rao,New,NH010,Human Hair Wig - Natural Black,Wigs,14999,3,False,False,0,0,0,WhatsApp,Which one would be best for thin hair?,2026-08-20 16:59:00,Not Purchased,0,12,Low,['Multiple product views'],Product suitability,Consideration,Normal,Recommend the most suitable product for the shopper,
OPP_00339,CUST_14804,Vikram Kapoor,New,NH009,Wavy Ponytail Extension,Ponytails,5499,2,False,False,0,0,0,Instagram,Can you tell me more about your products?,2026-08-19 00:21:00,Not Purchased,0,0,Low,[],No clear barrier,Discovery,Normal,No immediate action required,
OPP_00340,CUST_75683,Arjun Patel,New,NH003,Premium Straight Human Hair Extensions,Hair Extensions,8999,7,True,False,8999,0,0,Instagram,Do you have any offer running right now?,2026-08-12 19:15:00,Purchased,8999,45,Medium,"['Repeated product views', 'Added product to cart']",Price,Cart,Normal,Address the price concern and share applicable offers,
OPP_00341,CUST_30869,Ishita Gupta,New,NH001,Natural Black Clip-In Extensions,Hair Extensions,6999,1,False,False,0,0,0,Website Chat,Can you tell me more about your products?,2026-08-18 00:46:00,Not Purchased,0,0,Low,[],No clear barrier,Discovery,Normal,No immediate action required,
OPP_00342,CUST_77880,Pooja Desai,Returning,NH008,Natural Black Ponytail Extension,Ponytails,4999,1,True,False,4999,1,18340,Instagram,I'm just exploring your hair extensions. What do you recommend?,2026-08-21 10:26:00,Not Purchased,0,35,Low,"['Added product to cart', 'Returning customer']",Product suitability,Cart,Normal,Recommend the most suitable product for the shopper,
OPP_00343,CUST_45847,Simran Gupta,New,NH001,Natural Black Clip-In Extensions,Hair Extensions,6999,2,False,False,0,0,0,Website Chat,I have dark brown hair. Which shade should I choose?,2026-08-16 05:59:00,Not Purchased,0,0,Low,[],Color matching,Discovery,Normal,Help the shopper choose the closest color match,
OPP_00344,CUST_56255,Pooja Verma,New,NH007,Hair Topper - Brown,Hair Toppers,8999,2,True,True,8999,0,0,Instagram,Can you help me select the closest shade?,2026-08-01 12:36:00,Purchased,8999,60,Medium,"['Added product to cart', 'Started checkout']",Color matching,Checkout,Normal,Help the shopper choose the closest color match,
OPP_00345,CUST_30625,Pooja Gupta,Returning,NH009,Wavy Ponytail Extension,Ponytails,5499,7,True,True,5499,4,14853,WhatsApp,The price is a little high. Is there a better price available?,2026-08-06 14:47:00,Purchased,5499,90,High,"['Repeated product views', 'Added product to cart', 'Started checkout', 'Returning customer']",Price,Checkout,Normal,Address the price concern and share applicable offers,
OPP_00346,CUST_15655,Priya Gupta,Returning,NH007,Hair Topper - Brown,Hair Toppers,8999,5,True,False,17998,6,11427,Website Chat,Is this real human hair?,2026-08-15 16:48:00,Purchased,17998,65,Medium,"['Repeated product views', 'Added product to cart', 'Returning customer', 'High-value cart']",Product quality,Cart,Normal,Answer the shopper's product quality questions,
OPP_00347,CUST_83872,Riya Rao,New,NH009,Wavy Ponytail Extension,Ponytails,5499,2,True,False,10998,0,0,Email,What is your return policy if the shade doesn't match?,2026-08-06 07:17:00,Not Purchased,0,35,Low,"['Added product to cart', 'High-value cart']",Color matching,Cart,Normal,Help the shopper choose the closest color match,
OPP_00348,CUST_33839,Shreya Malhotra,New,NH008,Natural Black Ponytail Extension,Ponytails,4999,5,True,False,4999,0,0,Email,Is this real human hair?,2026-08-17 20:30:00,Not Purchased,0,45,Medium,"['Repeated product views', 'Added product to cart']",Product quality,Cart,Normal,Answer the shopper's product quality questions,
OPP_00349,CUST_78512,Arjun Malhotra,Returning,NH006,Hair Topper - Natural Black,Hair Toppers,8499,6,True,True,8499,5,42705,Instagram,I need this for a wedding next Saturday. Can it reach me before then?,2026-08-15 03:41:00,Purchased,8499,90,High,"['Repeated product views', 'Added product to cart', 'Started checkout', 'Returning customer']",Delivery,Checkout,High,Confirm delivery availability and expected delivery date,
OPP_00350,CUST_96427,Priya Gupta,New,NH002,Brown Wavy Clip-In Extensions,Hair Extensions,7499,7,True,True,7499,0,0,WhatsApp,I've purchased from you before. Is this the same quality?,2026-08-16 03:34:00,Purchased,7499,80,High,"['Repeated product views', 'Added product to cart', 'Started checkout']",Product quality,Checkout,Normal,Answer the shopper's product quality questions,
OPP_00351,CUST_73192,Sneha Joshi,New,NH007,Hair Topper - Brown,Hair Toppers,8999,2,False,False,0,0,0,WhatsApp,When will this product be back in stock?,2026-08-04 10:07:00,Not Purchased,0,0,Low,[],Availability,Discovery,Normal,Confirm product availability or expected restock,
OPP_00352,CUST_10716,Riya Gupta,New,NH005,Invisible Tape Hair Extensions,Hair Extensions,11999,3,True,True,23998,0,0,WhatsApp,The price is a little high. Is there a better price available?,2026-08-01 12:55:00,Purchased,23998,82,High,"['Multiple product views', 'Added product to cart', 'Started checkout', 'High-value cart']",Price,Checkout,Normal,Address the price concern and share applicable offers,
OPP_00353,CUST_43244,Simran Agarwal,New,NH007,Hair Topper - Brown,Hair Toppers,8999,4,True,True,17998,0,0,Instagram,Can you help me select the closest shade?,2026-08-09 16:41:00,Purchased,17998,82,High,"['Multiple product views', 'Added product to cart', 'Started checkout', 'High-value cart']",Color matching,Checkout,Normal,Help the shopper choose the closest color match,
OPP_00354,CUST_83281,Vikram Verma,New,NH010,Human Hair Wig - Natural Black,Wigs,14999,3,True,False,29998,0,0,Email,I have dark brown hair. Which shade should I choose?,2026-08-14 12:28:00,Purchased,29998,47,Medium,"['Multiple product views', 'Added product to cart', 'High-value cart']",Color matching,Cart,Normal,Help the shopper choose the closest color match,
OPP_00355,CUST_31206,Neha Shah,Returning,NH006,Hair Topper - Natural Black,Hair Toppers,8499,1,False,False,0,4,13048,Instagram,I'm just exploring your hair extensions. What do you recommend?,2026-08-19 14:22:00,Not Purchased,0,10,Low,['Returning customer'],Product suitability,Discovery,Normal,Recommend the most suitable product for the shopper,
OPP_00356,CUST_29048,Karan Gupta,New,NH009,Wavy Ponytail Extension,Ponytails,5499,2,True,False,5499,0,0,Instagram,Will this match my natural hair color?,2026-08-02 19:59:00,Not Purchased,0,25,Low,['Added product to cart'],Color matching,Cart,Normal,Help the shopper choose the closest color match,
OPP_00357,CUST_78289,Nisha Rao,New,NH005,Invisible Tape Hair Extensions,Hair Extensions,11999,3,True,False,23998,0,0,WhatsApp,I need this for a wedding next Saturday. Can it reach me before then?,2026-08-15 22:41:00,Not Purchased,0,47,Medium,"['Multiple product views', 'Added product to cart', 'High-value cart']",Delivery,Cart,High,Confirm delivery availability and expected delivery date,
OPP_00358,CUST_88579,Arjun Singh,New,NH008,Natural Black Ponytail Extension,Ponytails,4999,8,True,False,4999,0,0,Website Chat,The price is a little high. Is there a better price available?,2026-08-05 05:33:00,Purchased,4999,45,Medium,"['Repeated product views', 'Added product to cart']",Price,Cart,Normal,Address the price concern and share applicable offers,
OPP_00359,CUST_61792,Sneha Gupta,New,NH001,Natural Black Clip-In Extensions,Hair Extensions,6999,3,True,True,13998,0,0,Website Chat,Can you help me select the closest shade?,2026-08-01 17:23:00,Purchased,13998,82,High,"['Multiple product views', 'Added product to cart', 'Started checkout', 'High-value cart']",Color matching,Checkout,Normal,Help the shopper choose the closest color match,
OPP_00360,CUST_39661,Shreya Shah,Returning,NH002,Brown Wavy Clip-In Extensions,Hair Extensions,7499,2,False,False,0,5,22644,Instagram,I'm just exploring your hair extensions. What do you recommend?,2026-08-14 10:58:00,Not Purchased,0,10,Low,['Returning customer'],Product suitability,Discovery,Normal,Recommend the most suitable product for the shopper,
OPP_00361,CUST_77277,Simran Singh,New,NH001,Natural Black Clip-In Extensions,Hair Extensions,6999,2,True,False,6999,0,0,Email,Do you have this in natural black right now?,2026-08-11 10:48:00,Not Purchased,0,25,Low,['Added product to cart'],No clear barrier,Cart,Normal,No immediate action required,
OPP_00362,CUST_70387,Sanya Agarwal,New,NH007,Hair Topper - Brown,Hair Toppers,8999,2,False,False,0,0,0,WhatsApp,I'm just exploring your hair extensions. What do you recommend?,2026-08-04 00:29:00,Not Purchased,0,0,Low,[],Product suitability,Discovery,Normal,Recommend the most suitable product for the shopper,
OPP_00363,CUST_51383,Tanya Joshi,New,NH005,Invisible Tape Hair Extensions,Hair Extensions,11999,3,False,False,0,0,0,WhatsApp,Can you help me select the closest shade?,2026-08-20 07:28:00,Not Purchased,0,12,Low,['Multiple product views'],Color matching,Consideration,Normal,Help the shopper choose the closest color match,
OPP_00364,CUST_33394,Karan Joshi,New,NH005,Invisible Tape Hair Extensions,Hair Extensions,11999,8,True,False,11999,0,0,Email,I need this for a wedding next Saturday. Can it reach me before then?,2026-08-21 17:24:00,Purchased,11999,55,Medium,"['Repeated product views', 'Added product to cart', 'High-value cart']",Delivery,Cart,High,Confirm delivery availability and expected delivery date,
OPP_00365,CUST_36170,Meera Rao,New,NH010,Human Hair Wig - Natural Black,Wigs,14999,8,True,False,14999,0,0,Website Chat,Can I place the order now?,2026-08-06 01:55:00,Purchased,14999,55,Medium,"['Repeated product views', 'Added product to cart', 'High-value cart']",No clear barrier,Cart,Normal,Nurture the shopper and provide useful product information,
OPP_00366,CUST_98580,Karan Gupta,New,NH004,Luxury Wavy Human Hair Extensions,Hair Extensions,10999,6,True,False,10999,0,0,WhatsApp,I'm not sure which type would suit my hair. Can you help?,2026-08-23 04:11:00,Not Purchased,0,55,Medium,"['Repeated product views', 'Added product to cart', 'High-value cart']",Product suitability,Cart,Normal,Recommend the most suitable product for the shopper,
OPP_00367,CUST_76995,Simran Desai,Returning,NH001,Natural Black Clip-In Extensions,Hair Extensions,6999,6,False,False,0,3,44676,Website Chat,I'm not sure which type would suit my hair. Can you help?,2026-08-04 07:02:00,Not Purchased,0,30,Low,"['Repeated product views', 'Returning customer']",Product suitability,Consideration,Normal,Recommend the most suitable product for the shopper,
OPP_00368,CUST_25776,Arjun Verma,New,NH001,Natural Black Clip-In Extensions,Hair Extensions,6999,6,True,True,6999,0,0,Email,Do you have this in natural black right now?,2026-08-01 13:35:00,Purchased,6999,80,High,"['Repeated product views', 'Added product to cart', 'Started checkout']",No clear barrier,Checkout,Normal,Follow up with the high-intent shopper,
OPP_00369,CUST_44452,Meera Kapoor,New,NH001,Natural Black Clip-In Extensions,Hair Extensions,6999,2,True,False,6999,0,0,Instagram,Do you have this in natural black right now?,2026-08-09 04:22:00,Purchased,6999,25,Low,['Added product to cart'],No clear barrier,Cart,Normal,No immediate action required,
OPP_00370,CUST_62506,Simran Verma,New,NH006,Hair Topper - Natural Black,Hair Toppers,8499,5,False,False,0,0,0,Website Chat,Do you have this in natural black right now?,2026-08-04 08:37:00,Not Purchased,0,20,Low,['Repeated product views'],No clear barrier,Consideration,Normal,No immediate action required,
OPP_00371,CUST_29601,Karan Iyer,Returning,NH010,Human Hair Wig - Natural Black,Wigs,14999,2,False,False,0,1,21691,WhatsApp,What types of hair extensions do you have?,2026-08-10 23:12:00,Not Purchased,0,10,Low,['Returning customer'],No clear barrier,Discovery,Normal,No immediate action required,
OPP_00372,CUST_49326,Simran Singh,New,NH008,Natural Black Ponytail Extension,Ponytails,4999,8,True,True,4999,0,0,WhatsApp,I loved my previous order. Which product is closest to it?,2026-08-03 15:03:00,Purchased,4999,80,High,"['Repeated product views', 'Added product to cart', 'Started checkout']",Product suitability,Checkout,Normal,Recommend the most suitable product for the shopper,
OPP_00373,CUST_53864,Simran Joshi,New,NH003,Premium Straight Human Hair Extensions,Hair Extensions,8999,2,False,False,0,0,0,Email,Can you tell me more about your products?,2026-08-14 01:27:00,Not Purchased,0,0,Low,[],No clear barrier,Discovery,Normal,No immediate action required,
OPP_00374,CUST_36077,Sanya Gupta,New,NH005,Invisible Tape Hair Extensions,Hair Extensions,11999,4,False,False,0,0,0,Website Chat,When will this product be back in stock?,2026-08-09 10:56:00,Not Purchased,0,12,Low,['Multiple product views'],Availability,Consideration,Normal,Confirm product availability or expected restock,
OPP_00375,CUST_47555,Rahul Malhotra,New,NH006,Hair Topper - Natural Black,Hair Toppers,8499,5,False,False,0,0,0,Website Chat,Is this real human hair?,2026-08-15 22:50:00,Not Purchased,0,20,Low,['Repeated product views'],Product quality,Consideration,Normal,Answer the shopper's product quality questions,
OPP_00376,CUST_31233,Aditi Shah,New,NH006,Hair Topper - Natural Black,Hair Toppers,8499,5,False,False,0,0,0,Email,Can I pay using UPI?,2026-08-16 05:37:00,Purchased,0,20,Low,['Repeated product views'],Payment,Consideration,Normal,Explain available payment options,
OPP_00377,CUST_86928,Arjun Verma,Returning,NH005,Invisible Tape Hair Extensions,Hair Extensions,11999,5,False,False,0,5,29916,Instagram,Which one would be best for thin hair?,2026-08-05 13:25:00,Not Purchased,0,30,Low,"['Repeated product views', 'Returning customer']",Product suitability,Consideration,Normal,Recommend the most suitable product for the shopper,
OPP_00378,CUST_62041,Neha Patel,New,NH001,Natural Black Clip-In Extensions,Hair Extensions,6999,5,True,False,6999,0,0,WhatsApp,Do you have any offer running right now?,2026-08-13 20:31:00,Purchased,6999,45,Medium,"['Repeated product views', 'Added product to cart']",Price,Cart,Normal,Address the price concern and share applicable offers,
OPP_00379,CUST_61097,Nisha Shah,New,NH001,Natural Black Clip-In Extensions,Hair Extensions,6999,2,True,False,6999,0,0,Website Chat,Do you have this in natural black right now?,2026-08-07 20:11:00,Not Purchased,0,25,Low,['Added product to cart'],No clear barrier,Cart,Normal,No immediate action required,
OPP_00380,CUST_52624,Karan Verma,New,NH008,Natural Black Ponytail Extension,Ponytails,4999,4,True,True,4999,0,0,Email,The price is a little high. Is there a better price available?,2026-08-11 11:56:00,Not Purchased,0,72,Medium,"['Multiple product views', 'Added product to cart', 'Started checkout']",Price,Checkout,Normal,Address the price concern and share applicable offers,
OPP_00381,CUST_93824,Vikram Kapoor,Returning,NH003,Premium Straight Human Hair Extensions,Hair Extensions,8999,7,True,True,17998,6,39342,Email,Do you have any offer running right now?,2026-08-13 15:43:00,Purchased,17998,100,High,"['Repeated product views', 'Added product to cart', 'Started checkout', 'Returning customer', 'High-value cart']",Price,Checkout,Normal,Address the price concern and share applicable offers,
OPP_00382,CUST_71498,Vikram Sharma,Returning,NH004,Luxury Wavy Human Hair Extensions,Hair Extensions,10999,4,True,True,10999,4,24176,Instagram,When will this product be back in stock?,2026-08-08 04:37:00,Purchased,10999,92,High,"['Multiple product views', 'Added product to cart', 'Started checkout', 'Returning customer', 'High-value cart']",Availability,Checkout,Normal,Confirm product availability or expected restock,
OPP_00383,CUST_83472,Tanya Desai,Returning,NH001,Natural Black Clip-In Extensions,Hair Extensions,6999,3,True,True,6999,3,43125,Website Chat,Is there any discount available on this?,2026-08-17 15:27:00,Purchased,6999,82,High,"['Multiple product views', 'Added product to cart', 'Started checkout', 'Returning customer']",Price,Checkout,Normal,Address the price concern and share applicable offers,
OPP_00384,CUST_79722,Simran Desai,Returning,NH007,Hair Topper - Brown,Hair Toppers,8999,8,True,True,8999,2,21234,Website Chat,I need this for a wedding next Saturday. Can it reach me before then?,2026-08-05 12:37:00,Purchased,8999,90,High,"['Repeated product views', 'Added product to cart', 'Started checkout', 'Returning customer']",Delivery,Checkout,High,Confirm delivery availability and expected delivery date,
OPP_00385,CUST_12542,Priya Sharma,New,NH003,Premium Straight Human Hair Extensions,Hair Extensions,8999,6,True,False,17998,0,0,WhatsApp,Will this match my natural hair color?,2026-08-23 12:01:00,Purchased,17998,55,Medium,"['Repeated product views', 'Added product to cart', 'High-value cart']",Color matching,Cart,Normal,Help the shopper choose the closest color match,
OPP_00386,CUST_11930,Karan Shah,New,NH002,Brown Wavy Clip-In Extensions,Hair Extensions,7499,6,True,False,7499,0,0,Email,Do you have any offer running right now?,2026-08-08 11:09:00,Purchased,7499,45,Medium,"['Repeated product views', 'Added product to cart']",Price,Cart,Normal,Address the price concern and share applicable offers,
OPP_00387,CUST_33803,Kavya Agarwal,Returning,NH008,Natural Black Ponytail Extension,Ponytails,4999,3,True,False,4999,4,6079,Email,Will this work for short hair?,2026-08-20 05:20:00,Not Purchased,0,47,Medium,"['Multiple product views', 'Added product to cart', 'Returning customer']",No clear barrier,Cart,Normal,Nurture the shopper and provide useful product information,
OPP_00388,CUST_42396,Aarav Shah,New,NH001,Natural Black Clip-In Extensions,Hair Extensions,6999,1,False,False,0,0,0,Instagram,Can you tell me more about your products?,2026-08-18 22:03:00,Not Purchased,0,0,Low,[],No clear barrier,Discovery,Normal,No immediate action required,
OPP_00389,CUST_30789,Aarav Rao,New,NH002,Brown Wavy Clip-In Extensions,Hair Extensions,7499,6,True,True,7499,0,0,WhatsApp,Can I place the order now?,2026-08-12 07:48:00,Not Purchased,0,80,High,"['Repeated product views', 'Added product to cart', 'Started checkout']",No clear barrier,Checkout,Normal,Follow up with the high-intent shopper,
OPP_00390,CUST_66906,Aditi Sharma,New,NH005,Invisible Tape Hair Extensions,Hair Extensions,11999,8,True,True,11999,0,0,Website Chat,I loved my previous order. Which product is closest to it?,2026-08-14 16:19:00,Purchased,11999,90,High,"['Repeated product views', 'Added product to cart', 'Started checkout', 'High-value cart']",Product suitability,Checkout,Normal,Recommend the most suitable product for the shopper,
OPP_00391,CUST_21728,Meera Mehta,New,NH002,Brown Wavy Clip-In Extensions,Hair Extensions,7499,2,True,False,7499,0,0,Instagram,Which one would be best for thin hair?,2026-08-16 23:37:00,Not Purchased,0,25,Low,['Added product to cart'],Product suitability,Cart,Normal,Recommend the most suitable product for the shopper,
OPP_00392,CUST_80300,Neha Mehta,New,NH010,Human Hair Wig - Natural Black,Wigs,14999,8,True,True,14999,0,0,Instagram,I want to order this today. How do I proceed?,2026-08-08 13:58:00,Purchased,14999,90,High,"['Repeated product views', 'Added product to cart', 'Started checkout', 'High-value cart']",No clear barrier,Checkout,High,Follow up with the high-intent shopper,
OPP_00393,CUST_27659,Simran Sharma,Returning,NH009,Wavy Ponytail Extension,Ponytails,5499,1,False,False,0,3,32751,Instagram,Can you tell me more about your products?,2026-08-11 07:56:00,Not Purchased,0,10,Low,['Returning customer'],No clear barrier,Discovery,Normal,No immediate action required,
OPP_00394,CUST_46087,Shreya Agarwal,New,NH009,Wavy Ponytail Extension,Ponytails,5499,3,True,False,5499,0,0,Website Chat,Will this match my natural hair color?,2026-08-13 11:04:00,Not Purchased,0,37,Low,"['Multiple product views', 'Added product to cart']",Color matching,Cart,Normal,Help the shopper choose the closest color match,
OPP_00395,CUST_76316,Sneha Rao,New,NH003,Premium Straight Human Hair Extensions,Hair Extensions,8999,2,False,False,0,0,0,Website Chat,What types of hair extensions do you have?,2026-08-15 11:27:00,Not Purchased,0,0,Low,[],No clear barrier,Discovery,Normal,No immediate action required,
OPP_00396,CUST_82281,Priya Gupta,Returning,NH006,Hair Topper - Natural Black,Hair Toppers,8499,2,False,False,0,2,25017,Email,I'm just exploring your hair extensions. What do you recommend?,2026-08-10 16:48:00,Not Purchased,0,10,Low,['Returning customer'],Product suitability,Discovery,Normal,Recommend the most suitable product for the shopper,
OPP_00397,CUST_36486,Neha Verma,New,NH006,Hair Topper - Natural Black,Hair Toppers,8499,2,True,False,8499,0,0,Website Chat,What is your return policy if the shade doesn't match?,2026-08-02 02:22:00,Not Purchased,0,25,Low,['Added product to cart'],Color matching,Cart,Normal,Help the shopper choose the closest color match,
OPP_00398,CUST_38930,Shreya Rao,New,NH010,Human Hair Wig - Natural Black,Wigs,14999,5,True,False,14999,0,0,WhatsApp,Is this shade currently available?,2026-08-22 13:01:00,Purchased,14999,55,Medium,"['Repeated product views', 'Added product to cart', 'High-value cart']",Color matching,Cart,Normal,Help the shopper choose the closest color match,
OPP_00399,CUST_64519,Pooja Iyer,New,NH004,Luxury Wavy Human Hair Extensions,Hair Extensions,10999,3,True,True,10999,0,0,WhatsApp,I've purchased from you before. Is this the same quality?,2026-08-07 10:10:00,Purchased,10999,82,High,"['Multiple product views', 'Added product to cart', 'Started checkout', 'High-value cart']",Product quality,Checkout,Normal,Answer the shopper's product quality questions,
OPP_00400,CUST_22729,Neha Rao,New,NH009,Wavy Ponytail Extension,Ponytails,5499,5,True,True,5499,0,0,Website Chat,Can you confirm if this can be delivered by Friday?,2026-08-10 03:26:00,Not Purchased,0,80,High,"['Repeated product views', 'Added product to cart', 'Started checkout']",Delivery,Checkout,High,Confirm delivery availability and expected delivery date,
OPP_00401,CUST_83156,Tanya Rao,New,NH004,Luxury Wavy Human Hair Extensions,Hair Extensions,10999,6,False,False,0,0,0,WhatsApp,Can you help me select the closest shade?,2026-08-14 11:52:00,Purchased,0,20,Low,['Repeated product views'],Color matching,Consideration,Normal,Help the shopper choose the closest color match,
OPP_00402,CUST_33644,Vikram Desai,New,NH006,Hair Topper - Natural Black,Hair Toppers,8499,5,False,False,0,0,0,Email,Can you help me select the closest shade?,2026-08-04 23:23:00,Purchased,0,20,Low,['Repeated product views'],Color matching,Consideration,Normal,Help the shopper choose the closest color match,
OPP_00403,CUST_64046,Tanya Agarwal,Returning,NH009,Wavy Ponytail Extension,Ponytails,5499,7,True,False,5499,4,27089,Email,I've purchased from you before. Is this the same quality?,2026-08-06 20:27:00,Not Purchased,0,55,Medium,"['Repeated product views', 'Added product to cart', 'Returning customer']",Product quality,Cart,Normal,Answer the shopper's product quality questions,
OPP_00404,CUST_69297,Rahul Desai,New,NH010,Human Hair Wig - Natural Black,Wigs,14999,6,False,False,0,0,0,WhatsApp,Do you have this in natural black right now?,2026-08-02 03:55:00,Not Purchased,0,20,Low,['Repeated product views'],No clear barrier,Consideration,Normal,No immediate action required,
OPP_00405,CUST_12844,Simran Singh,New,NH005,Invisible Tape Hair Extensions,Hair Extensions,11999,4,True,False,11999,0,0,Website Chat,Is this real human hair?,2026-08-02 05:36:00,Not Purchased,0,47,Medium,"['Multiple product views', 'Added product to cart', 'High-value cart']",Product quality,Cart,Normal,Answer the shopper's product quality questions,
OPP_00406,CUST_49361,Ananya Gupta,New,NH008,Natural Black Ponytail Extension,Ponytails,4999,5,True,False,4999,0,0,Instagram,The price is a little high. Is there a better price available?,2026-08-22 06:17:00,Purchased,4999,45,Medium,"['Repeated product views', 'Added product to cart']",Price,Cart,Normal,Address the price concern and share applicable offers,
OPP_00407,CUST_85527,Neha Gupta,Returning,NH004,Luxury Wavy Human Hair Extensions,Hair Extensions,10999,1,False,False,0,6,25279,Email,What types of hair extensions do you have?,2026-08-18 00:06:00,Not Purchased,0,10,Low,['Returning customer'],No clear barrier,Discovery,Normal,No immediate action required,
OPP_00408,CUST_64594,Neha Agarwal,New,NH010,Human Hair Wig - Natural Black,Wigs,14999,2,False,False,0,0,0,Website Chat,Can you tell me more about your products?,2026-08-16 05:30:00,Not Purchased,0,0,Low,[],No clear barrier,Discovery,Normal,No immediate action required,
OPP_00409,CUST_38940,Priya Sharma,Returning,NH010,Human Hair Wig - Natural Black,Wigs,14999,7,True,True,14999,6,29066,Instagram,How many days will delivery take to my city?,2026-08-18 12:09:00,Purchased,14999,100,High,"['Repeated product views', 'Added product to cart', 'Started checkout', 'Returning customer', 'High-value cart']",Delivery,Checkout,Normal,Confirm delivery availability and expected delivery date,
OPP_00410,CUST_54062,Ananya Verma,New,NH010,Human Hair Wig - Natural Black,Wigs,14999,6,True,True,29998,0,0,WhatsApp,Can you confirm if this can be delivered by Friday?,2026-08-10 11:00:00,Purchased,29998,90,High,"['Repeated product views', 'Added product to cart', 'Started checkout', 'High-value cart']",Delivery,Checkout,High,Confirm delivery availability and expected delivery date,
OPP_00411,CUST_35966,Karan Desai,New,NH005,Invisible Tape Hair Extensions,Hair Extensions,11999,3,False,False,0,0,0,Website Chat,Can I style and use heat on this hair?,2026-08-15 09:24:00,Not Purchased,0,12,Low,['Multiple product views'],Product quality,Consideration,Normal,Answer the shopper's product quality questions,
OPP_00412,CUST_64209,Tanya Joshi,New,NH009,Wavy Ponytail Extension,Ponytails,5499,6,True,True,5499,0,0,Email,I need this for a wedding next Saturday. Can it reach me before then?,2026-08-08 16:09:00,Purchased,5499,80,High,"['Repeated product views', 'Added product to cart', 'Started checkout']",Delivery,Checkout,High,Confirm delivery availability and expected delivery date,
OPP_00413,CUST_67961,Shreya Mehta,New,NH006,Hair Topper - Natural Black,Hair Toppers,8499,5,True,True,8499,0,0,Instagram,I need this for a wedding next Saturday. Can it reach me before then?,2026-08-22 09:44:00,Purchased,8499,80,High,"['Repeated product views', 'Added product to cart', 'Started checkout']",Delivery,Checkout,High,Confirm delivery availability and expected delivery date,
OPP_00414,CUST_47707,Riya Joshi,New,NH004,Luxury Wavy Human Hair Extensions,Hair Extensions,10999,2,True,True,10999,0,0,WhatsApp,When will this product be back in stock?,2026-08-11 14:47:00,Not Purchased,0,70,Medium,"['Added product to cart', 'Started checkout', 'High-value cart']",Availability,Checkout,Normal,Confirm product availability or expected restock,
OPP_00415,CUST_91663,Priya Rao,New,NH008,Natural Black Ponytail Extension,Ponytails,4999,7,True,True,4999,0,0,WhatsApp,Do you have any offer running right now?,2026-08-14 15:23:00,Purchased,4999,80,High,"['Repeated product views', 'Added product to cart', 'Started checkout']",Price,Checkout,Normal,Address the price concern and share applicable offers,
OPP_00416,CUST_95820,Riya Patel,New,NH009,Wavy Ponytail Extension,Ponytails,5499,5,True,True,5499,0,0,Instagram,The price is a little high. Is there a better price available?,2026-08-07 13:10:00,Purchased,5499,80,High,"['Repeated product views', 'Added product to cart', 'Started checkout']",Price,Checkout,Normal,Address the price concern and share applicable offers,
OPP_00417,CUST_23055,Aditi Verma,Returning,NH006,Hair Topper - Natural Black,Hair Toppers,8499,8,True,True,16998,1,23168,WhatsApp,I bought from you before. Do you have the same shade again?,2026-08-05 21:36:00,Purchased,16998,100,High,"['Repeated product views', 'Added product to cart', 'Started checkout', 'Returning customer', 'High-value cart']",Color matching,Checkout,Normal,Help the shopper choose the closest color match,
OPP_00418,CUST_30578,Riya Joshi,Returning,NH009,Wavy Ponytail Extension,Ponytails,5499,7,True,True,10998,5,5408,Email,How many days will delivery take to my city?,2026-08-15 14:27:00,Purchased,10998,100,High,"['Repeated product views', 'Added product to cart', 'Started checkout', 'Returning customer', 'High-value cart']",Delivery,Checkout,Normal,Confirm delivery availability and expected delivery date,
OPP_00419,CUST_60747,Riya Singh,New,NH005,Invisible Tape Hair Extensions,Hair Extensions,11999,7,True,True,11999,0,0,Email,I want to order this today. How do I proceed?,2026-08-04 19:51:00,Purchased,11999,90,High,"['Repeated product views', 'Added product to cart', 'Started checkout', 'High-value cart']",No clear barrier,Checkout,High,Follow up with the high-intent shopper,
OPP_00420,CUST_85090,Priya Desai,Returning,NH006,Hair Topper - Natural Black,Hair Toppers,8499,6,True,True,8499,6,12995,Email,Can you confirm if this can be delivered by Friday?,2026-08-08 20:50:00,Purchased,8499,90,High,"['Repeated product views', 'Added product to cart', 'Started checkout', 'Returning customer']",Delivery,Checkout,High,Confirm delivery availability and expected delivery date,
OPP_00421,CUST_50501,Arjun Mehta,New,NH008,Natural Black Ponytail Extension,Ponytails,4999,4,True,True,4999,0,0,Instagram,Is there any discount available on this?,2026-08-16 07:23:00,Not Purchased,0,72,Medium,"['Multiple product views', 'Added product to cart', 'Started checkout']",Price,Checkout,Normal,Address the price concern and share applicable offers,
OPP_00422,CUST_51771,Tanya Desai,Returning,NH010,Human Hair Wig - Natural Black,Wigs,14999,2,True,False,14999,3,8444,Email,Can I return it if it doesn't work for me?,2026-08-18 08:12:00,Not Purchased,0,45,Medium,"['Added product to cart', 'Returning customer', 'High-value cart']",Returns,Cart,Normal,Explain the applicable return or exchange policy,
OPP_00423,CUST_90263,Meera Gupta,New,NH005,Invisible Tape Hair Extensions,Hair Extensions,11999,4,True,True,11999,0,0,Website Chat,Is there any discount available on this?,2026-08-17 00:23:00,Purchased,11999,82,High,"['Multiple product views', 'Added product to cart', 'Started checkout', 'High-value cart']",Price,Checkout,Normal,Address the price concern and share applicable offers,
OPP_00424,CUST_59015,Ishita Agarwal,New,NH001,Natural Black Clip-In Extensions,Hair Extensions,6999,5,True,False,13998,0,0,Instagram,I have dark brown hair. Which shade should I choose?,2026-08-12 03:47:00,Not Purchased,0,55,Medium,"['Repeated product views', 'Added product to cart', 'High-value cart']",Color matching,Cart,Normal,Help the shopper choose the closest color match,
OPP_00425,CUST_64138,Meera Rao,New,NH003,Premium Straight Human Hair Extensions,Hair Extensions,8999,6,True,False,8999,0,0,Website Chat,Is there any discount available on this?,2026-08-02 21:07:00,Not Purchased,0,45,Medium,"['Repeated product views', 'Added product to cart']",Price,Cart,Normal,Address the price concern and share applicable offers,
OPP_00426,CUST_66040,Sneha Iyer,Returning,NH003,Premium Straight Human Hair Extensions,Hair Extensions,8999,4,False,False,0,4,44439,WhatsApp,Can I style and use heat on this hair?,2026-08-18 02:35:00,Not Purchased,0,22,Low,"['Multiple product views', 'Returning customer']",Product quality,Consideration,Normal,Answer the shopper's product quality questions,
OPP_00427,CUST_69193,Rahul Agarwal,Returning,NH007,Hair Topper - Brown,Hair Toppers,8999,7,True,True,8999,4,44075,WhatsApp,I want to order this today. How do I proceed?,2026-08-13 04:16:00,Purchased,8999,90,High,"['Repeated product views', 'Added product to cart', 'Started checkout', 'Returning customer']",No clear barrier,Checkout,High,Follow up with the high-intent shopper,
OPP_00428,CUST_16461,Kavya Kapoor,New,NH009,Wavy Ponytail Extension,Ponytails,5499,2,False,False,0,0,0,Instagram,I'm just exploring your hair extensions. What do you recommend?,2026-08-21 11:59:00,Not Purchased,0,0,Low,[],Product suitability,Discovery,Normal,Recommend the most suitable product for the shopper,
OPP_00429,CUST_28643,Rahul Agarwal,Returning,NH005,Invisible Tape Hair Extensions,Hair Extensions,11999,5,True,True,11999,3,34234,Instagram,Is there any discount available on this?,2026-08-17 19:39:00,Purchased,11999,100,High,"['Repeated product views', 'Added product to cart', 'Started checkout', 'Returning customer', 'High-value cart']",Price,Checkout,Normal,Address the price concern and share applicable offers,
OPP_00430,CUST_13265,Ishita Verma,New,NH009,Wavy Ponytail Extension,Ponytails,5499,1,False,False,0,0,0,Website Chat,I'm just exploring your hair extensions. What do you recommend?,2026-08-03 10:15:00,Not Purchased,0,0,Low,[],Product suitability,Discovery,Normal,Recommend the most suitable product for the shopper,
OPP_00431,CUST_24963,Rahul Malhotra,New,NH005,Invisible Tape Hair Extensions,Hair Extensions,11999,3,False,False,0,0,0,Email,Will this match my natural hair color?,2026-08-13 07:04:00,Not Purchased,0,12,Low,['Multiple product views'],Color matching,Consideration,Normal,Help the shopper choose the closest color match,
OPP_00432,CUST_53934,Sanya Agarwal,Returning,NH007,Hair Topper - Brown,Hair Toppers,8999,6,True,True,8999,5,44112,Website Chat,I want to order this today. How do I proceed?,2026-08-21 03:29:00,Purchased,8999,90,High,"['Repeated product views', 'Added product to cart', 'Started checkout', 'Returning customer']",No clear barrier,Checkout,High,Follow up with the high-intent shopper,
OPP_00433,CUST_68491,Nisha Malhotra,New,NH003,Premium Straight Human Hair Extensions,Hair Extensions,8999,2,False,False,0,0,0,Website Chat,What types of hair extensions do you have?,2026-08-21 19:43:00,Not Purchased,0,0,Low,[],No clear barrier,Discovery,Normal,No immediate action required,
OPP_00434,CUST_81237,Riya Gupta,Returning,NH003,Premium Straight Human Hair Extensions,Hair Extensions,8999,1,False,False,0,1,44800,Instagram,What types of hair extensions do you have?,2026-08-06 07:26:00,Not Purchased,0,10,Low,['Returning customer'],No clear barrier,Discovery,Normal,No immediate action required,
OPP_00435,CUST_46452,Shreya Malhotra,New,NH010,Human Hair Wig - Natural Black,Wigs,14999,5,True,False,14999,0,0,Website Chat,Is this real human hair?,2026-08-05 13:56:00,Not Purchased,0,55,Medium,"['Repeated product views', 'Added product to cart', 'High-value cart']",Product quality,Cart,Normal,Answer the shopper's product quality questions,
OPP_00436,CUST_89073,Nisha Joshi,New,NH003,Premium Straight Human Hair Extensions,Hair Extensions,8999,3,False,False,0,0,0,WhatsApp,Which one would be best for thin hair?,2026-08-03 20:28:00,Not Purchased,0,12,Low,['Multiple product views'],Product suitability,Consideration,Normal,Recommend the most suitable product for the shopper,
OPP_00437,CUST_57210,Aarav Patel,Returning,NH007,Hair Topper - Brown,Hair Toppers,8999,6,True,False,17998,2,22637,Email,Can I pay using UPI?,2026-08-09 18:17:00,Not Purchased,0,65,Medium,"['Repeated product views', 'Added product to cart', 'Returning customer', 'High-value cart']",Payment,Cart,Normal,Explain available payment options,
OPP_00438,CUST_64232,Arjun Shah,Returning,NH007,Hair Topper - Brown,Hair Toppers,8999,6,True,True,8999,4,40075,Website Chat,Can you confirm if this can be delivered by Friday?,2026-08-02 16:46:00,Purchased,8999,90,High,"['Repeated product views', 'Added product to cart', 'Started checkout', 'Returning customer']",Delivery,Checkout,High,Confirm delivery availability and expected delivery date,
OPP_00439,CUST_89269,Nisha Desai,New,NH002,Brown Wavy Clip-In Extensions,Hair Extensions,7499,7,True,False,14998,0,0,Email,Can I place the order now?,2026-08-13 07:56:00,Not Purchased,0,55,Medium,"['Repeated product views', 'Added product to cart', 'High-value cart']",No clear barrier,Cart,Normal,Nurture the shopper and provide useful product information,
OPP_00440,CUST_89876,Meera Rao,Returning,NH010,Human Hair Wig - Natural Black,Wigs,14999,5,True,False,29998,3,12500,Email,Is cash on delivery available?,2026-08-01 09:51:00,Not Purchased,0,65,Medium,"['Repeated product views', 'Added product to cart', 'Returning customer', 'High-value cart']",Delivery,Cart,Normal,Confirm delivery availability and expected delivery date,
OPP_00441,CUST_90649,Tanya Desai,New,NH002,Brown Wavy Clip-In Extensions,Hair Extensions,7499,2,False,False,0,0,0,WhatsApp,Can I pay using UPI?,2026-08-09 07:57:00,Not Purchased,0,0,Low,[],Payment,Discovery,Normal,Explain available payment options,
OPP_00442,CUST_52457,Riya Patel,Returning,NH009,Wavy Ponytail Extension,Ponytails,5499,4,True,True,5499,2,4740,Email,I have dark brown hair. Which shade should I choose?,2026-08-10 09:17:00,Purchased,5499,82,High,"['Multiple product views', 'Added product to cart', 'Started checkout', 'Returning customer']",Color matching,Checkout,Normal,Help the shopper choose the closest color match,
OPP_00443,CUST_72797,Karan Iyer,New,NH010,Human Hair Wig - Natural Black,Wigs,14999,4,True,True,14999,0,0,WhatsApp,Can you confirm if this can be delivered by Friday?,2026-08-04 11:08:00,Not Purchased,0,82,High,"['Multiple product views', 'Added product to cart', 'Started checkout', 'High-value cart']",Delivery,Checkout,High,Confirm delivery availability and expected delivery date,
OPP_00444,CUST_64257,Aarav Agarwal,New,NH008,Natural Black Ponytail Extension,Ponytails,4999,6,False,False,0,0,0,Email,Can I style and use heat on this hair?,2026-08-17 20:55:00,Not Purchased,0,20,Low,['Repeated product views'],Product quality,Consideration,Normal,Answer the shopper's product quality questions,
OPP_00445,CUST_29569,Simran Agarwal,New,NH006,Hair Topper - Natural Black,Hair Toppers,8499,7,True,True,8499,0,0,WhatsApp,How many days will delivery take to my city?,2026-08-23 18:11:00,Purchased,8499,80,High,"['Repeated product views', 'Added product to cart', 'Started checkout']",Delivery,Checkout,Normal,Confirm delivery availability and expected delivery date,
OPP_00446,CUST_50407,Aditi Rao,New,NH007,Hair Topper - Brown,Hair Toppers,8999,2,False,False,0,0,0,WhatsApp,I'm just exploring your hair extensions. What do you recommend?,2026-08-10 19:01:00,Not Purchased,0,0,Low,[],Product suitability,Discovery,Normal,Recommend the most suitable product for the shopper,
OPP_00447,CUST_49625,Ishita Patel,New,NH002,Brown Wavy Clip-In Extensions,Hair Extensions,7499,6,True,False,7499,0,0,Email,Is there any discount available on this?,2026-08-19 01:46:00,Purchased,7499,45,Medium,"['Repeated product views', 'Added product to cart']",Price,Cart,Normal,Address the price concern and share applicable offers,
OPP_00448,CUST_73369,Arjun Kapoor,Returning,NH004,Luxury Wavy Human Hair Extensions,Hair Extensions,10999,6,True,False,10999,4,37160,Email,I need this for a wedding next Saturday. Can it reach me before then?,2026-08-18 21:14:00,Purchased,10999,65,Medium,"['Repeated product views', 'Added product to cart', 'Returning customer', 'High-value cart']",Delivery,Cart,High,Confirm delivery availability and expected delivery date,
OPP_00449,CUST_15771,Shreya Agarwal,Returning,NH002,Brown Wavy Clip-In Extensions,Hair Extensions,7499,3,True,True,7499,5,12697,WhatsApp,Do you have any offer running right now?,2026-08-11 23:58:00,Purchased,7499,82,High,"['Multiple product views', 'Added product to cart', 'Started checkout', 'Returning customer']",Price,Checkout,Normal,Address the price concern and share applicable offers,
OPP_00450,CUST_35237,Nisha Kapoor,New,NH001,Natural Black Clip-In Extensions,Hair Extensions,6999,2,True,False,6999,0,0,Email,I'm just exploring your hair extensions. What do you recommend?,2026-08-16 15:31:00,Not Purchased,0,25,Low,['Added product to cart'],Product suitability,Cart,Normal,Recommend the most suitable product for the shopper,
OPP_00451,CUST_55916,Vikram Joshi,New,NH002,Brown Wavy Clip-In Extensions,Hair Extensions,7499,3,True,True,7499,0,0,Email,Is there any discount available on this?,2026-08-22 20:09:00,Purchased,7499,72,Medium,"['Multiple product views', 'Added product to cart', 'Started checkout']",Price,Checkout,Normal,Address the price concern and share applicable offers,
OPP_00452,CUST_16648,Priya Sharma,New,NH005,Invisible Tape Hair Extensions,Hair Extensions,11999,5,True,True,11999,0,0,Instagram,The price is a little high. Is there a better price available?,2026-08-02 12:33:00,Purchased,11999,90,High,"['Repeated product views', 'Added product to cart', 'Started checkout', 'High-value cart']",Price,Checkout,Normal,Address the price concern and share applicable offers,
OPP_00453,CUST_50952,Aditi Agarwal,New,NH002,Brown Wavy Clip-In Extensions,Hair Extensions,7499,6,True,True,14998,0,0,Website Chat,Can you confirm if this can be delivered by Friday?,2026-08-18 15:11:00,Purchased,14998,90,High,"['Repeated product views', 'Added product to cart', 'Started checkout', 'High-value cart']",Delivery,Checkout,High,Confirm delivery availability and expected delivery date,
OPP_00454,CUST_71377,Neha Verma,New,NH009,Wavy Ponytail Extension,Ponytails,5499,6,True,True,5499,0,0,Email,I've purchased from you before. Is this the same quality?,2026-08-16 00:56:00,Not Purchased,0,80,High,"['Repeated product views', 'Added product to cart', 'Started checkout']",Product quality,Checkout,Normal,Answer the shopper's product quality questions,
OPP_00455,CUST_61390,Ishita Rao,New,NH008,Natural Black Ponytail Extension,Ponytails,4999,4,True,False,4999,0,0,Email,Can I place the order now?,2026-08-11 16:33:00,Not Purchased,0,37,Low,"['Multiple product views', 'Added product to cart']",No clear barrier,Cart,Normal,No immediate action required,
OPP_00456,CUST_89225,Sanya Mehta,New,NH008,Natural Black Ponytail Extension,Ponytails,4999,4,True,False,4999,0,0,WhatsApp,How long does the hair normally last?,2026-08-19 23:29:00,Not Purchased,0,37,Low,"['Multiple product views', 'Added product to cart']",Product quality,Cart,Normal,Answer the shopper's product quality questions,
OPP_00457,CUST_41941,Vikram Mehta,New,NH002,Brown Wavy Clip-In Extensions,Hair Extensions,7499,4,True,True,14998,0,0,Instagram,I have dark brown hair. Which shade should I choose?,2026-08-02 21:04:00,Purchased,14998,82,High,"['Multiple product views', 'Added product to cart', 'Started checkout', 'High-value cart']",Color matching,Checkout,Normal,Help the shopper choose the closest color match,
OPP_00458,CUST_54852,Vikram Rao,New,NH006,Hair Topper - Natural Black,Hair Toppers,8499,5,False,False,0,0,0,Website Chat,Will this match my natural hair color?,2026-08-16 10:52:00,Not Purchased,0,20,Low,['Repeated product views'],Color matching,Consideration,Normal,Help the shopper choose the closest color match,
OPP_00459,CUST_82756,Neha Agarwal,Returning,NH002,Brown Wavy Clip-In Extensions,Hair Extensions,7499,1,False,False,0,6,41630,Instagram,What types of hair extensions do you have?,2026-08-08 09:13:00,Not Purchased,0,10,Low,['Returning customer'],No clear barrier,Discovery,Normal,No immediate action required,
OPP_00460,CUST_94540,Aarav Patel,New,NH007,Hair Topper - Brown,Hair Toppers,8999,7,True,False,17998,0,0,Website Chat,I need this for a wedding next Saturday. Can it reach me before then?,2026-08-21 13:33:00,Purchased,17998,55,Medium,"['Repeated product views', 'Added product to cart', 'High-value cart']",Delivery,Cart,High,Confirm delivery availability and expected delivery date,
OPP_00461,CUST_90684,Sanya Verma,Returning,NH010,Human Hair Wig - Natural Black,Wigs,14999,1,False,False,0,6,4012,Website Chat,What types of hair extensions do you have?,2026-08-16 21:11:00,Not Purchased,0,10,Low,['Returning customer'],No clear barrier,Discovery,Normal,No immediate action required,
OPP_00462,CUST_55123,Ananya Gupta,New,NH006,Hair Topper - Natural Black,Hair Toppers,8499,2,False,False,0,0,0,WhatsApp,Can you tell me more about your products?,2026-08-23 19:43:00,Not Purchased,0,0,Low,[],No clear barrier,Discovery,Normal,No immediate action required,
OPP_00463,CUST_83404,Pooja Patel,New,NH009,Wavy Ponytail Extension,Ponytails,5499,5,True,True,5499,0,0,Email,Is there any discount available on this?,2026-08-06 17:28:00,Purchased,5499,80,High,"['Repeated product views', 'Added product to cart', 'Started checkout']",Price,Checkout,Normal,Address the price concern and share applicable offers,
OPP_00464,CUST_72242,Priya Shah,Returning,NH007,Hair Topper - Brown,Hair Toppers,8999,5,True,True,8999,4,44974,Instagram,Will this work for short hair?,2026-08-20 11:43:00,Purchased,8999,90,High,"['Repeated product views', 'Added product to cart', 'Started checkout', 'Returning customer']",No clear barrier,Checkout,Normal,Follow up with the high-intent shopper,
OPP_00465,CUST_12058,Priya Rao,New,NH007,Hair Topper - Brown,Hair Toppers,8999,8,True,True,8999,0,0,Instagram,I have added this to my cart. Is anything else needed to complete the order?,2026-08-11 07:30:00,Purchased,8999,80,High,"['Repeated product views', 'Added product to cart', 'Started checkout']",No clear barrier,Checkout,Normal,Follow up with the high-intent shopper,
OPP_00466,CUST_89223,Tanya Gupta,New,NH003,Premium Straight Human Hair Extensions,Hair Extensions,8999,5,False,False,0,0,0,Website Chat,I have dark brown hair. Which shade should I choose?,2026-08-12 23:12:00,Not Purchased,0,20,Low,['Repeated product views'],Color matching,Consideration,Normal,Help the shopper choose the closest color match,
OPP_00467,CUST_41031,Arjun Kapoor,New,NH007,Hair Topper - Brown,Hair Toppers,8999,4,True,True,8999,0,0,Instagram,Can I style and use heat on this hair?,2026-08-14 11:45:00,Purchased,8999,72,Medium,"['Multiple product views', 'Added product to cart', 'Started checkout']",Product quality,Checkout,Normal,Answer the shopper's product quality questions,
OPP_00468,CUST_20494,Priya Rao,New,NH006,Hair Topper - Natural Black,Hair Toppers,8499,6,True,True,8499,0,0,Email,How many days will delivery take to my city?,2026-08-13 03:19:00,Purchased,8499,80,High,"['Repeated product views', 'Added product to cart', 'Started checkout']",Delivery,Checkout,Normal,Confirm delivery availability and expected delivery date,
OPP_00469,CUST_80673,Sanya Kapoor,New,NH002,Brown Wavy Clip-In Extensions,Hair Extensions,7499,3,True,False,7499,0,0,WhatsApp,Can I pay using UPI?,2026-08-13 13:11:00,Not Purchased,0,37,Low,"['Multiple product views', 'Added product to cart']",Payment,Cart,Normal,Explain available payment options,
OPP_00470,CUST_48616,Nisha Mehta,New,NH001,Natural Black Clip-In Extensions,Hair Extensions,6999,5,True,True,6999,0,0,WhatsApp,Can I style and use heat on this hair?,2026-08-22 09:00:00,Not Purchased,0,80,High,"['Repeated product views', 'Added product to cart', 'Started checkout']",Product quality,Checkout,Normal,Answer the shopper's product quality questions,
OPP_00471,CUST_91830,Riya Kapoor,Returning,NH010,Human Hair Wig - Natural Black,Wigs,14999,5,True,False,14999,6,40943,Instagram,Which one would be best for thin hair?,2026-08-04 06:15:00,Not Purchased,0,65,Medium,"['Repeated product views', 'Added product to cart', 'Returning customer', 'High-value cart']",Product suitability,Cart,Normal,Recommend the most suitable product for the shopper,
OPP_00472,CUST_43679,Riya Rao,New,NH009,Wavy Ponytail Extension,Ponytails,5499,2,False,False,0,0,0,WhatsApp,Can you tell me more about your products?,2026-08-05 08:21:00,Not Purchased,0,0,Low,[],No clear barrier,Discovery,Normal,No immediate action required,
OPP_00473,CUST_79125,Aarav Joshi,Returning,NH010,Human Hair Wig - Natural Black,Wigs,14999,3,True,False,29998,6,33271,WhatsApp,Is this shade currently available?,2026-08-14 22:14:00,Purchased,29998,57,Medium,"['Multiple product views', 'Added product to cart', 'Returning customer', 'High-value cart']",Color matching,Cart,Normal,Help the shopper choose the closest color match,
OPP_00474,CUST_55229,Aarav Malhotra,Returning,NH003,Premium Straight Human Hair Extensions,Hair Extensions,8999,6,True,False,8999,4,29111,Email,Is there any discount available on this?,2026-08-02 13:41:00,Purchased,8999,55,Medium,"['Repeated product views', 'Added product to cart', 'Returning customer']",Price,Cart,Normal,Address the price concern and share applicable offers,
OPP_00475,CUST_79798,Meera Desai,New,NH003,Premium Straight Human Hair Extensions,Hair Extensions,8999,5,False,False,0,0,0,Instagram,How long does the hair normally last?,2026-08-07 08:25:00,Not Purchased,0,20,Low,['Repeated product views'],Product quality,Consideration,Normal,Answer the shopper's product quality questions,
OPP_00476,CUST_98931,Aditi Singh,New,NH003,Premium Straight Human Hair Extensions,Hair Extensions,8999,4,False,False,0,0,0,WhatsApp,Is this shade currently available?,2026-08-22 06:11:00,Not Purchased,0,12,Low,['Multiple product views'],Color matching,Consideration,Normal,Help the shopper choose the closest color match,
OPP_00477,CUST_45007,Neha Kapoor,New,NH009,Wavy Ponytail Extension,Ponytails,5499,6,True,True,5499,0,0,Instagram,Can I place the order now?,2026-08-18 23:14:00,Purchased,5499,80,High,"['Repeated product views', 'Added product to cart', 'Started checkout']",No clear barrier,Checkout,Normal,Follow up with the high-intent shopper,
OPP_00478,CUST_11567,Tanya Patel,Returning,NH004,Luxury Wavy Human Hair Extensions,Hair Extensions,10999,3,True,True,10999,5,16774,WhatsApp,Can I style and use heat on this hair?,2026-08-11 12:32:00,Not Purchased,0,92,High,"['Multiple product views', 'Added product to cart', 'Started checkout', 'Returning customer', 'High-value cart']",Product quality,Checkout,Normal,Answer the shopper's product quality questions,"{'type': 'Loyalty discount', 'value': 10, 'description': '10% loyalty discount, up to ₹1,500'}"
OPP_00479,CUST_96062,Kavya Gupta,New,NH006,Hair Topper - Natural Black,Hair Toppers,8499,3,True,False,8499,0,0,WhatsApp,I'm not sure which type would suit my hair. Can you help?,2026-08-23 04:05:00,Not Purchased,0,37,Low,"['Multiple product views', 'Added product to cart']",Product suitability,Cart,Normal,Recommend the most suitable product for the shopper,
OPP_00480,CUST_84195,Ishita Patel,New,NH002,Brown Wavy Clip-In Extensions,Hair Extensions,7499,5,False,False,0,0,0,Website Chat,Can I pay using UPI?,2026-08-08 01:52:00,Not Purchased,0,20,Low,['Repeated product views'],Payment,Consideration,Normal,Explain available payment options,
OPP_00481,CUST_97500,Aditi Kapoor,New,NH008,Natural Black Ponytail Extension,Ponytails,4999,6,True,False,4999,0,0,Website Chat,I need this for a wedding next Saturday. Can it reach me before then?,2026-08-07 16:26:00,Not Purchased,0,45,Medium,"['Repeated product views', 'Added product to cart']",Delivery,Cart,High,Confirm delivery availability and expected delivery date,
OPP_00482,CUST_74450,Kavya Gupta,New,NH001,Natural Black Clip-In Extensions,Hair Extensions,6999,2,True,False,6999,0,0,Instagram,Which one would be best for thin hair?,2026-08-16 01:31:00,Not Purchased,0,25,Low,['Added product to cart'],Product suitability,Cart,Normal,Recommend the most suitable product for the shopper,
OPP_00483,CUST_23538,Aarav Patel,New,NH008,Natural Black Ponytail Extension,Ponytails,4999,5,True,False,9998,0,0,WhatsApp,Can I return it if it doesn't work for me?,2026-08-19 01:28:00,Not Purchased,0,45,Medium,"['Repeated product views', 'Added product to cart']",Returns,Cart,Normal,Explain the applicable return or exchange policy,
OPP_00484,CUST_44922,Priya Rao,New,NH008,Natural Black Ponytail Extension,Ponytails,4999,2,False,False,0,0,0,Email,How long does the hair normally last?,2026-08-14 10:49:00,Not Purchased,0,0,Low,[],Product quality,Discovery,Normal,Answer the shopper's product quality questions,
OPP_00485,CUST_19188,Vikram Shah,New,NH001,Natural Black Clip-In Extensions,Hair Extensions,6999,6,True,True,13998,0,0,WhatsApp,Can I place the order now?,2026-08-23 02:05:00,Purchased,13998,90,High,"['Repeated product views', 'Added product to cart', 'Started checkout', 'High-value cart']",No clear barrier,Checkout,Normal,Follow up with the high-intent shopper,
OPP_00486,CUST_94813,Ananya Joshi,New,NH008,Natural Black Ponytail Extension,Ponytails,4999,4,True,True,4999,0,0,Email,What is your return policy if the shade doesn't match?,2026-08-20 12:23:00,Purchased,4999,72,Medium,"['Multiple product views', 'Added product to cart', 'Started checkout']",Color matching,Checkout,Normal,Help the shopper choose the closest color match,
OPP_00487,CUST_61131,Neha Malhotra,Returning,NH008,Natural Black Ponytail Extension,Ponytails,4999,3,True,False,4999,3,17311,Email,Do you have any offer running right now?,2026-08-03 07:20:00,Purchased,4999,47,Medium,"['Multiple product views', 'Added product to cart', 'Returning customer']",Price,Cart,Normal,Address the price concern and share applicable offers,
OPP_00488,CUST_18256,Vikram Malhotra,Returning,NH008,Natural Black Ponytail Extension,Ponytails,4999,8,True,False,4999,2,6339,Email,Do you have any offer running right now?,2026-08-13 12:36:00,Purchased,4999,55,Medium,"['Repeated product views', 'Added product to cart', 'Returning customer']",Price,Cart,Normal,Address the price concern and share applicable offers,
OPP_00489,CUST_25491,Kavya Iyer,Returning,NH008,Natural Black Ponytail Extension,Ponytails,4999,4,False,False,0,1,6427,Instagram,I'm not sure which type would suit my hair. Can you help?,2026-08-21 04:14:00,Purchased,0,22,Low,"['Multiple product views', 'Returning customer']",Product suitability,Consideration,Normal,Recommend the most suitable product for the shopper,
OPP_00490,CUST_91051,Aarav Shah,New,NH009,Wavy Ponytail Extension,Ponytails,5499,2,True,True,5499,0,0,Website Chat,What is your return policy if the shade doesn't match?,2026-08-05 07:04:00,Purchased,5499,60,Medium,"['Added product to cart', 'Started checkout']",Color matching,Checkout,Normal,Help the shopper choose the closest color match,
OPP_00491,CUST_90691,Meera Patel,Returning,NH001,Natural Black Clip-In Extensions,Hair Extensions,6999,6,True,False,6999,1,33896,Website Chat,Can I pay using UPI?,2026-08-09 01:14:00,Purchased,6999,55,Medium,"['Repeated product views', 'Added product to cart', 'Returning customer']",Payment,Cart,Normal,Explain available payment options,
OPP_00492,CUST_37948,Aarav Gupta,New,NH007,Hair Topper - Brown,Hair Toppers,8999,7,True,True,8999,0,0,Website Chat,Can I place the order now?,2026-08-02 19:31:00,Purchased,8999,80,High,"['Repeated product views', 'Added product to cart', 'Started checkout']",No clear barrier,Checkout,Normal,Follow up with the high-intent shopper,
OPP_00493,CUST_67496,Meera Gupta,New,NH002,Brown Wavy Clip-In Extensions,Hair Extensions,7499,1,False,False,0,0,0,WhatsApp,What types of hair extensions do you have?,2026-08-03 15:35:00,Not Purchased,0,0,Low,[],No clear barrier,Discovery,Normal,No immediate action required,
OPP_00494,CUST_21683,Sanya Kapoor,New,NH010,Human Hair Wig - Natural Black,Wigs,14999,6,True,True,14999,0,0,Instagram,The price is a little high. Is there a better price available?,2026-08-19 17:57:00,Purchased,14999,90,High,"['Repeated product views', 'Added product to cart', 'Started checkout', 'High-value cart']",Price,Checkout,Normal,Address the price concern and share applicable offers,
OPP_00495,CUST_14931,Shreya Mehta,Returning,NH008,Natural Black Ponytail Extension,Ponytails,4999,6,True,True,4999,2,13377,Instagram,Can you help me select the closest shade?,2026-08-22 23:59:00,Purchased,4999,90,High,"['Repeated product views', 'Added product to cart', 'Started checkout', 'Returning customer']",Color matching,Checkout,Normal,Help the shopper choose the closest color match,
OPP_00496,CUST_35153,Neha Singh,New,NH002,Brown Wavy Clip-In Extensions,Hair Extensions,7499,2,False,False,0,0,0,WhatsApp,Can you tell me more about your products?,2026-08-09 14:38:00,Not Purchased,0,0,Low,[],No clear barrier,Discovery,Normal,No immediate action required,
OPP_00497,CUST_72182,Karan Mehta,New,NH009,Wavy Ponytail Extension,Ponytails,5499,3,True,True,5499,0,0,Website Chat,Can I style and use heat on this hair?,2026-08-22 08:54:00,Not Purchased,0,72,Medium,"['Multiple product views', 'Added product to cart', 'Started checkout']",Product quality,Checkout,Normal,Answer the shopper's product quality questions,
OPP_00498,CUST_16875,Vikram Mehta,New,NH001,Natural Black Clip-In Extensions,Hair Extensions,6999,3,True,True,13998,0,0,Website Chat,Is this shade currently available?,2026-08-12 09:54:00,Purchased,13998,82,High,"['Multiple product views', 'Added product to cart', 'Started checkout', 'High-value cart']",Color matching,Checkout,Normal,Help the shopper choose the closest color match,
OPP_00499,CUST_98716,Aditi Shah,New,NH009,Wavy Ponytail Extension,Ponytails,5499,8,True,True,5499,0,0,WhatsApp,I loved my previous order. Which product is closest to it?,2026-08-06 13:23:00,Purchased,5499,80,High,"['Repeated product views', 'Added product to cart', 'Started checkout']",Product suitability,Checkout,Normal,Recommend the most suitable product for the shopper,
OPP_00500,CUST_17122,Tanya Mehta,New,NH002,Brown Wavy Clip-In Extensions,Hair Extensions,7499,3,True,True,14998,0,0,Website Chat,Do you have this in natural black right now?,2026-08-11 17:29:00,Purchased,14998,82,High,"['Multiple product views', 'Added product to cart', 'Started checkout', 'High-value cart']",No clear barrier,Checkout,Normal,Follow up with the high-intent shopper,
OPP_00501,CUST_36504,Aditi Mehta,New,NH003,Premium Straight Human Hair Extensions,Hair Extensions,8999,8,True,True,8999,0,0,WhatsApp,The price is a little high. Is there a better price available?,2026-08-14 07:34:00,Not Purchased,0,80,High,"['Repeated product views', 'Added product to cart', 'Started checkout']",Price,Checkout,Normal,Address the price concern and share applicable offers,"{'type': 'Percentage discount', 'value': 10, 'description': '10% off, up to ₹1,500'}"
OPP_00502,CUST_38816,Nisha Gupta,New,NH001,Natural Black Clip-In Extensions,Hair Extensions,6999,6,True,True,6999,0,0,Website Chat,Can you confirm if this can be delivered by Friday?,2026-08-23 01:20:00,Purchased,6999,80,High,"['Repeated product views', 'Added product to cart', 'Started checkout']",Delivery,Checkout,High,Confirm delivery availability and expected delivery date,
OPP_00503,CUST_38369,Sanya Verma,Returning,NH010,Human Hair Wig - Natural Black,Wigs,14999,1,False,False,0,5,40225,Instagram,I'm just exploring your hair extensions. What do you recommend?,2026-08-01 16:55:00,Not Purchased,0,10,Low,['Returning customer'],Product suitability,Discovery,Normal,Recommend the most suitable product for the shopper,
OPP_00504,CUST_10665,Tanya Sharma,Returning,NH007,Hair Topper - Brown,Hair Toppers,8999,6,True,False,8999,2,20241,WhatsApp,Will this work for short hair?,2026-08-18 01:34:00,Not Purchased,0,55,Medium,"['Repeated product views', 'Added product to cart', 'Returning customer']",No clear barrier,Cart,Normal,Nurture the shopper and provide useful product information,
OPP_00505,CUST_22844,Rahul Verma,New,NH009,Wavy Ponytail Extension,Ponytails,5499,5,False,False,0,0,0,Website Chat,What is your return policy if the shade doesn't match?,2026-08-14 02:00:00,Not Purchased,0,20,Low,['Repeated product views'],Color matching,Consideration,Normal,Help the shopper choose the closest color match,
OPP_00506,CUST_97691,Nisha Mehta,Returning,NH001,Natural Black Clip-In Extensions,Hair Extensions,6999,5,True,True,6999,4,18287,Instagram,The price is a little high. Is there a better price available?,2026-08-18 09:07:00,Purchased,6999,90,High,"['Repeated product views', 'Added product to cart', 'Started checkout', 'Returning customer']",Price,Checkout,Normal,Address the price concern and share applicable offers,
OPP_00507,CUST_58551,Rahul Rao,New,NH010,Human Hair Wig - Natural Black,Wigs,14999,3,False,False,0,0,0,WhatsApp,Can I style and use heat on this hair?,2026-08-02 23:36:00,Not Purchased,0,12,Low,['Multiple product views'],Product quality,Consideration,Normal,Answer the shopper's product quality questions,
OPP_00508,CUST_20611,Shreya Joshi,Returning,NH007,Hair Topper - Brown,Hair Toppers,8999,6,True,False,8999,3,38794,WhatsApp,Can you confirm if this can be delivered by Friday?,2026-08-22 21:16:00,Not Purchased,0,55,Medium,"['Repeated product views', 'Added product to cart', 'Returning customer']",Delivery,Cart,High,Confirm delivery availability and expected delivery date,
OPP_00509,CUST_36832,Priya Joshi,Returning,NH006,Hair Topper - Natural Black,Hair Toppers,8499,6,True,True,8499,1,29097,Website Chat,Do you have this in natural black right now?,2026-08-03 23:01:00,Purchased,8499,90,High,"['Repeated product views', 'Added product to cart', 'Started checkout', 'Returning customer']",No clear barrier,Checkout,Normal,Follow up with the high-intent shopper,
OPP_00510,CUST_76003,Tanya Kapoor,Returning,NH008,Natural Black Ponytail Extension,Ponytails,4999,1,False,False,0,5,17749,WhatsApp,What types of hair extensions do you have?,2026-08-09 20:36:00,Not Purchased,0,10,Low,['Returning customer'],No clear barrier,Discovery,Normal,No immediate action required,
OPP_00511,CUST_58253,Ananya Shah,New,NH006,Hair Topper - Natural Black,Hair Toppers,8499,2,True,False,8499,0,0,Instagram,Is this real human hair?,2026-08-03 04:47:00,Not Purchased,0,25,Low,['Added product to cart'],Product quality,Cart,Normal,Answer the shopper's product quality questions,
OPP_00512,CUST_36772,Arjun Malhotra,Returning,NH007,Hair Topper - Brown,Hair Toppers,8999,5,True,True,8999,3,9042,WhatsApp,How many days will delivery take to my city?,2026-08-10 20:29:00,Purchased,8999,90,High,"['Repeated product views', 'Added product to cart', 'Started checkout', 'Returning customer']",Delivery,Checkout,Normal,Confirm delivery availability and expected delivery date,
OPP_00513,CUST_78107,Aditi Desai,Returning,NH009,Wavy Ponytail Extension,Ponytails,5499,2,True,True,5499,4,26721,Email,Do you have this in natural black right now?,2026-08-16 01:49:00,Not Purchased,0,70,Medium,"['Added product to cart', 'Started checkout', 'Returning customer']",No clear barrier,Checkout,Normal,Nurture the shopper and provide useful product information,
OPP_00514,CUST_49856,Sanya Mehta,New,NH006,Hair Topper - Natural Black,Hair Toppers,8499,6,False,False,0,0,0,Email,Will this match my natural hair color?,2026-08-19 08:02:00,Not Purchased,0,20,Low,['Repeated product views'],Color matching,Consideration,Normal,Help the shopper choose the closest color match,
OPP_00515,CUST_56284,Nisha Verma,New,NH005,Invisible Tape Hair Extensions,Hair Extensions,11999,4,False,False,0,0,0,Website Chat,Do you have this in natural black right now?,2026-08-22 09:41:00,Purchased,0,12,Low,['Multiple product views'],No clear barrier,Consideration,Normal,No immediate action required,
OPP_00516,CUST_25324,Aarav Joshi,Returning,NH003,Premium Straight Human Hair Extensions,Hair Extensions,8999,8,True,True,8999,3,15945,Website Chat,Can I place the order now?,2026-08-07 07:13:00,Purchased,8999,90,High,"['Repeated product views', 'Added product to cart', 'Started checkout', 'Returning customer']",No clear barrier,Checkout,Normal,Follow up with the high-intent shopper,
OPP_00517,CUST_29391,Pooja Verma,New,NH006,Hair Topper - Natural Black,Hair Toppers,8499,2,False,False,0,0,0,Website Chat,Can I return it if it doesn't work for me?,2026-08-04 03:20:00,Not Purchased,0,0,Low,[],Returns,Discovery,Normal,Explain the applicable return or exchange policy,
OPP_00518,CUST_30454,Riya Rao,New,NH001,Natural Black Clip-In Extensions,Hair Extensions,6999,3,False,False,0,0,0,Email,Can I style and use heat on this hair?,2026-08-17 10:16:00,Not Purchased,0,12,Low,['Multiple product views'],Product quality,Consideration,Normal,Answer the shopper's product quality questions,
OPP_00519,CUST_67947,Aditi Rao,New,NH005,Invisible Tape Hair Extensions,Hair Extensions,11999,6,False,False,0,0,0,WhatsApp,I'm not sure which type would suit my hair. Can you help?,2026-08-12 06:35:00,Not Purchased,0,20,Low,['Repeated product views'],Product suitability,Consideration,Normal,Recommend the most suitable product for the shopper,
OPP_00520,CUST_22121,Aditi Sharma,New,NH001,Natural Black Clip-In Extensions,Hair Extensions,6999,4,True,False,6999,0,0,Website Chat,What is your return policy if the shade doesn't match?,2026-08-19 03:41:00,Purchased,6999,37,Low,"['Multiple product views', 'Added product to cart']",Color matching,Cart,Normal,Help the shopper choose the closest color match,
OPP_00521,CUST_61697,Kavya Verma,New,NH005,Invisible Tape Hair Extensions,Hair Extensions,11999,6,True,True,11999,0,0,Email,Can you confirm if this can be delivered by Friday?,2026-08-15 03:27:00,Not Purchased,0,90,High,"['Repeated product views', 'Added product to cart', 'Started checkout', 'High-value cart']",Delivery,Checkout,High,Confirm delivery availability and expected delivery date,
OPP_00522,CUST_50381,Rahul Agarwal,Returning,NH009,Wavy Ponytail Extension,Ponytails,5499,5,True,True,5499,6,27662,WhatsApp,Is this shade currently available?,2026-08-17 22:30:00,Purchased,5499,90,High,"['Repeated product views', 'Added product to cart', 'Started checkout', 'Returning customer']",Color matching,Checkout,Normal,Help the shopper choose the closest color match,
OPP_00523,CUST_86962,Shreya Patel,Returning,NH008,Natural Black Ponytail Extension,Ponytails,4999,5,False,False,0,4,32999,Website Chat,Which one would be best for thin hair?,2026-08-08 06:36:00,Not Purchased,0,30,Low,"['Repeated product views', 'Returning customer']",Product suitability,Consideration,Normal,Recommend the most suitable product for the shopper,
OPP_00524,CUST_93729,Simran Desai,Returning,NH008,Natural Black Ponytail Extension,Ponytails,4999,7,True,False,4999,5,25981,Website Chat,Can you confirm if this can be delivered by Friday?,2026-08-11 21:22:00,Purchased,4999,55,Medium,"['Repeated product views', 'Added product to cart', 'Returning customer']",Delivery,Cart,High,Confirm delivery availability and expected delivery date,
OPP_00525,CUST_49582,Sanya Kapoor,Returning,NH010,Human Hair Wig - Natural Black,Wigs,14999,6,True,True,29998,2,17058,Instagram,The price is a little high. Is there a better price available?,2026-08-18 05:03:00,Purchased,29998,100,High,"['Repeated product views', 'Added product to cart', 'Started checkout', 'Returning customer', 'High-value cart']",Price,Checkout,Normal,Address the price concern and share applicable offers,
OPP_00526,CUST_93435,Karan Patel,New,NH008,Natural Black Ponytail Extension,Ponytails,4999,1,False,False,0,0,0,Email,I'm just exploring your hair extensions. What do you recommend?,2026-08-05 10:57:00,Not Purchased,0,0,Low,[],Product suitability,Discovery,Normal,Recommend the most suitable product for the shopper,
OPP_00527,CUST_57416,Sanya Verma,Returning,NH008,Natural Black Ponytail Extension,Ponytails,4999,5,True,True,4999,6,20039,Instagram,How many days will delivery take to my city?,2026-08-15 15:58:00,Purchased,4999,90,High,"['Repeated product views', 'Added product to cart', 'Started checkout', 'Returning customer']",Delivery,Checkout,Normal,Confirm delivery availability and expected delivery date,
OPP_00528,CUST_70429,Priya Joshi,Returning,NH008,Natural Black Ponytail Extension,Ponytails,4999,6,True,True,4999,1,28458,Website Chat,Is this real human hair?,2026-08-07 13:54:00,Purchased,4999,90,High,"['Repeated product views', 'Added product to cart', 'Started checkout', 'Returning customer']",Product quality,Checkout,Normal,Answer the shopper's product quality questions,
OPP_00529,CUST_20069,Arjun Shah,New,NH006,Hair Topper - Natural Black,Hair Toppers,8499,5,True,True,8499,0,0,Website Chat,I bought from you before. Do you have the same shade again?,2026-08-15 00:00:00,Purchased,8499,80,High,"['Repeated product views', 'Added product to cart', 'Started checkout']",Color matching,Checkout,Normal,Help the shopper choose the closest color match,
OPP_00530,CUST_57516,Neha Singh,New,NH003,Premium Straight Human Hair Extensions,Hair Extensions,8999,8,True,False,8999,0,0,Email,I bought from you before. Do you have the same shade again?,2026-08-01 16:02:00,Not Purchased,0,45,Medium,"['Repeated product views', 'Added product to cart']",Color matching,Cart,Normal,Help the shopper choose the closest color match,
OPP_00531,CUST_30257,Arjun Shah,New,NH003,Premium Straight Human Hair Extensions,Hair Extensions,8999,5,True,False,8999,0,0,Website Chat,Do you have this in natural black right now?,2026-08-15 08:00:00,Purchased,8999,45,Medium,"['Repeated product views', 'Added product to cart']",No clear barrier,Cart,Normal,Nurture the shopper and provide useful product information,
OPP_00532,CUST_12277,Karan Joshi,Returning,NH009,Wavy Ponytail Extension,Ponytails,5499,2,True,False,5499,6,40117,Email,Can you help me select the closest shade?,2026-08-09 15:00:00,Not Purchased,0,35,Low,"['Added product to cart', 'Returning customer']",Color matching,Cart,Normal,Help the shopper choose the closest color match,
OPP_00533,CUST_25544,Meera Mehta,Returning,NH003,Premium Straight Human Hair Extensions,Hair Extensions,8999,2,False,False,0,5,38283,Website Chat,Can you tell me more about your products?,2026-08-06 12:44:00,Not Purchased,0,10,Low,['Returning customer'],No clear barrier,Discovery,Normal,No immediate action required,
OPP_00534,CUST_73472,Tanya Sharma,New,NH005,Invisible Tape Hair Extensions,Hair Extensions,11999,3,True,True,11999,0,0,Website Chat,Is there any discount available on this?,2026-08-02 02:54:00,Purchased,11999,82,High,"['Multiple product views', 'Added product to cart', 'Started checkout', 'High-value cart']",Price,Checkout,Normal,Address the price concern and share applicable offers,
OPP_00535,CUST_26225,Shreya Shah,New,NH009,Wavy Ponytail Extension,Ponytails,5499,4,True,True,5499,0,0,Website Chat,Is this real human hair?,2026-08-16 15:14:00,Purchased,5499,72,Medium,"['Multiple product views', 'Added product to cart', 'Started checkout']",Product quality,Checkout,Normal,Answer the shopper's product quality questions,
OPP_00536,CUST_75619,Shreya Shah,New,NH006,Hair Topper - Natural Black,Hair Toppers,8499,8,True,False,8499,0,0,WhatsApp,Is there any discount available on this?,2026-08-20 00:36:00,Purchased,8499,45,Medium,"['Repeated product views', 'Added product to cart']",Price,Cart,Normal,Address the price concern and share applicable offers,
OPP_00537,CUST_10567,Neha Shah,Returning,NH010,Human Hair Wig - Natural Black,Wigs,14999,2,False,False,0,5,18221,Instagram,I'm just exploring your hair extensions. What do you recommend?,2026-08-17 06:16:00,Not Purchased,0,10,Low,['Returning customer'],Product suitability,Discovery,Normal,Recommend the most suitable product for the shopper,
OPP_00538,CUST_77403,Meera Desai,New,NH010,Human Hair Wig - Natural Black,Wigs,14999,2,True,True,29998,0,0,WhatsApp,I have dark brown hair. Which shade should I choose?,2026-08-04 04:30:00,Purchased,29998,70,Medium,"['Added product to cart', 'Started checkout', 'High-value cart']",Color matching,Checkout,Normal,Help the shopper choose the closest color match,
OPP_00539,CUST_74711,Neha Desai,New,NH008,Natural Black Ponytail Extension,Ponytails,4999,5,True,True,4999,0,0,Email,Do you have any offer running right now?,2026-08-15 00:53:00,Purchased,4999,80,High,"['Repeated product views', 'Added product to cart', 'Started checkout']",Price,Checkout,Normal,Address the price concern and share applicable offers,
OPP_00540,CUST_19123,Karan Malhotra,Returning,NH005,Invisible Tape Hair Extensions,Hair Extensions,11999,4,False,False,0,4,18802,Email,What is your return policy if the shade doesn't match?,2026-08-01 15:58:00,Not Purchased,0,22,Low,"['Multiple product views', 'Returning customer']",Color matching,Consideration,Normal,Help the shopper choose the closest color match,
OPP_00541,CUST_28791,Sneha Desai,New,NH008,Natural Black Ponytail Extension,Ponytails,4999,6,False,False,0,0,0,WhatsApp,Do you have this in natural black right now?,2026-08-22 10:19:00,Purchased,0,20,Low,['Repeated product views'],No clear barrier,Consideration,Normal,No immediate action required,
OPP_00542,CUST_65666,Karan Kapoor,New,NH003,Premium Straight Human Hair Extensions,Hair Extensions,8999,5,True,True,17998,0,0,Email,I have added this to my cart. Is anything else needed to complete the order?,2026-08-22 20:07:00,Purchased,17998,90,High,"['Repeated product views', 'Added product to cart', 'Started checkout', 'High-value cart']",No clear barrier,Checkout,Normal,Follow up with the high-intent shopper,
OPP_00543,CUST_29316,Rahul Patel,New,NH007,Hair Topper - Brown,Hair Toppers,8999,5,False,False,0,0,0,WhatsApp,I have dark brown hair. Which shade should I choose?,2026-08-12 12:14:00,Not Purchased,0,20,Low,['Repeated product views'],Color matching,Consideration,Normal,Help the shopper choose the closest color match,
OPP_00544,CUST_75291,Riya Mehta,New,NH008,Natural Black Ponytail Extension,Ponytails,4999,3,True,True,4999,0,0,Instagram,I have added this to my cart. Is anything else needed to complete the order?,2026-08-16 19:56:00,Not Purchased,0,72,Medium,"['Multiple product views', 'Added product to cart', 'Started checkout']",No clear barrier,Checkout,Normal,Nurture the shopper and provide useful product information,
OPP_00545,CUST_78150,Karan Iyer,New,NH006,Hair Topper - Natural Black,Hair Toppers,8499,2,False,False,0,0,0,Instagram,Is cash on delivery available?,2026-08-08 01:19:00,Not Purchased,0,0,Low,[],Delivery,Discovery,Normal,Confirm delivery availability and expected delivery date,
OPP_00546,CUST_12316,Aarav Desai,New,NH008,Natural Black Ponytail Extension,Ponytails,4999,4,False,False,0,0,0,WhatsApp,Will this work for short hair?,2026-08-11 14:49:00,Not Purchased,0,12,Low,['Multiple product views'],No clear barrier,Consideration,Normal,No immediate action required,
OPP_00547,CUST_31514,Karan Desai,Returning,NH006,Hair Topper - Natural Black,Hair Toppers,8499,4,True,True,8499,4,34124,Website Chat,How many days will delivery take to my city?,2026-08-17 15:52:00,Not Purchased,0,82,High,"['Multiple product views', 'Added product to cart', 'Started checkout', 'Returning customer']",Delivery,Checkout,Normal,Confirm delivery availability and expected delivery date,"{'type': 'Loyalty discount', 'value': 10, 'description': '10% loyalty discount, up to ₹1,500'}"
OPP_00548,CUST_30487,Arjun Sharma,New,NH007,Hair Topper - Brown,Hair Toppers,8999,8,True,True,17998,0,0,Instagram,How many days will delivery take to my city?,2026-08-12 15:10:00,Purchased,17998,90,High,"['Repeated product views', 'Added product to cart', 'Started checkout', 'High-value cart']",Delivery,Checkout,Normal,Confirm delivery availability and expected delivery date,
OPP_00549,CUST_15913,Priya Agarwal,Returning,NH010,Human Hair Wig - Natural Black,Wigs,14999,2,False,False,0,5,27118,Email,I'm just exploring your hair extensions. What do you recommend?,2026-08-19 19:07:00,Purchased,0,10,Low,['Returning customer'],Product suitability,Discovery,Normal,Recommend the most suitable product for the shopper,
OPP_00550,CUST_56840,Tanya Joshi,New,NH010,Human Hair Wig - Natural Black,Wigs,14999,5,True,True,29998,0,0,WhatsApp,I've purchased from you before. Is this the same quality?,2026-08-06 22:22:00,Purchased,29998,90,High,"['Repeated product views', 'Added product to cart', 'Started checkout', 'High-value cart']",Product quality,Checkout,Normal,Answer the shopper's product quality questions,
OPP_00551,CUST_49965,Neha Joshi,New,NH004,Luxury Wavy Human Hair Extensions,Hair Extensions,10999,2,False,False,0,0,0,Website Chat,Which one would be best for thin hair?,2026-08-13 15:02:00,Not Purchased,0,0,Low,[],Product suitability,Discovery,Normal,Recommend the most suitable product for the shopper,
OPP_00552,CUST_71564,Sanya Sharma,New,NH006,Hair Topper - Natural Black,Hair Toppers,8499,5,True,False,8499,0,0,Email,I have dark brown hair. Which shade should I choose?,2026-08-14 08:29:00,Purchased,8499,45,Medium,"['Repeated product views', 'Added product to cart']",Color matching,Cart,Normal,Help the shopper choose the closest color match,
OPP_00553,CUST_75898,Aditi Mehta,New,NH007,Hair Topper - Brown,Hair Toppers,8999,6,True,True,8999,0,0,Email,How many days will delivery take to my city?,2026-08-23 10:26:00,Purchased,8999,80,High,"['Repeated product views', 'Added product to cart', 'Started checkout']",Delivery,Checkout,Normal,Confirm delivery availability and expected delivery date,
OPP_00554,CUST_47664,Simran Sharma,New,NH007,Hair Topper - Brown,Hair Toppers,8999,2,False,False,0,0,0,Email,Can you help me select the closest shade?,2026-08-10 12:33:00,Not Purchased,0,0,Low,[],Color matching,Discovery,Normal,Help the shopper choose the closest color match,
OPP_00555,CUST_45830,Ananya Gupta,New,NH004,Luxury Wavy Human Hair Extensions,Hair Extensions,10999,8,True,False,10999,0,0,Instagram,Can I place the order now?,2026-08-06 03:32:00,Purchased,10999,55,Medium,"['Repeated product views', 'Added product to cart', 'High-value cart']",No clear barrier,Cart,Normal,Nurture the shopper and provide useful product information,
OPP_00556,CUST_42933,Shreya Singh,Returning,NH006,Hair Topper - Natural Black,Hair Toppers,8499,4,True,False,8499,6,23781,Instagram,Can I style and use heat on this hair?,2026-08-18 17:56:00,Purchased,8499,47,Medium,"['Multiple product views', 'Added product to cart', 'Returning customer']",Product quality,Cart,Normal,Answer the shopper's product quality questions,
OPP_00557,CUST_37912,Rahul Kapoor,New,NH009,Wavy Ponytail Extension,Ponytails,5499,8,True,True,5499,0,0,Instagram,Can you confirm if this can be delivered by Friday?,2026-08-17 21:49:00,Purchased,5499,80,High,"['Repeated product views', 'Added product to cart', 'Started checkout']",Delivery,Checkout,High,Confirm delivery availability and expected delivery date,
OPP_00558,CUST_63773,Aditi Agarwal,New,NH001,Natural Black Clip-In Extensions,Hair Extensions,6999,3,True,False,6999,0,0,WhatsApp,Do you have this in natural black right now?,2026-08-06 00:10:00,Not Purchased,0,37,Low,"['Multiple product views', 'Added product to cart']",No clear barrier,Cart,Normal,No immediate action required,
OPP_00559,CUST_29655,Kavya Sharma,New,NH007,Hair Topper - Brown,Hair Toppers,8999,3,True,False,17998,0,0,Website Chat,Will this work for short hair?,2026-08-11 22:29:00,Purchased,17998,47,Medium,"['Multiple product views', 'Added product to cart', 'High-value cart']",No clear barrier,Cart,Normal,Nurture the shopper and provide useful product information,
OPP_00560,CUST_46408,Vikram Mehta,New,NH008,Natural Black Ponytail Extension,Ponytails,4999,2,True,True,4999,0,0,WhatsApp,Do you have this in natural black right now?,2026-08-12 10:20:00,Purchased,4999,60,Medium,"['Added product to cart', 'Started checkout']",No clear barrier,Checkout,Normal,Nurture the shopper and provide useful product information,
OPP_00561,CUST_63347,Pooja Malhotra,New,NH001,Natural Black Clip-In Extensions,Hair Extensions,6999,5,True,True,6999,0,0,WhatsApp,I loved my previous order. Which product is closest to it?,2026-08-22 20:05:00,Not Purchased,0,80,High,"['Repeated product views', 'Added product to cart', 'Started checkout']",Product suitability,Checkout,Normal,Recommend the most suitable product for the shopper,
OPP_00562,CUST_86076,Arjun Kapoor,New,NH003,Premium Straight Human Hair Extensions,Hair Extensions,8999,6,False,False,0,0,0,Instagram,What is your return policy if the shade doesn't match?,2026-08-06 19:01:00,Not Purchased,0,20,Low,['Repeated product views'],Color matching,Consideration,Normal,Help the shopper choose the closest color match,
OPP_00563,CUST_40924,Tanya Shah,New,NH010,Human Hair Wig - Natural Black,Wigs,14999,2,False,False,0,0,0,Website Chat,What types of hair extensions do you have?,2026-08-05 08:39:00,Not Purchased,0,0,Low,[],No clear barrier,Discovery,Normal,No immediate action required,
OPP_00564,CUST_65545,Karan Malhotra,Returning,NH004,Luxury Wavy Human Hair Extensions,Hair Extensions,10999,6,True,False,10999,4,30763,Website Chat,Will this work for short hair?,2026-08-21 09:17:00,Purchased,10999,65,Medium,"['Repeated product views', 'Added product to cart', 'Returning customer', 'High-value cart']",No clear barrier,Cart,Normal,Nurture the shopper and provide useful product information,
OPP_00565,CUST_96798,Aarav Rao,New,NH003,Premium Straight Human Hair Extensions,Hair Extensions,8999,2,True,False,8999,0,0,Website Chat,I'm just exploring your hair extensions. What do you recommend?,2026-08-13 22:51:00,Not Purchased,0,25,Low,['Added product to cart'],Product suitability,Cart,Normal,Recommend the most suitable product for the shopper,
OPP_00566,CUST_40983,Rahul Desai,New,NH007,Hair Topper - Brown,Hair Toppers,8999,5,True,False,8999,0,0,WhatsApp,Can I place the order now?,2026-08-22 11:32:00,Purchased,8999,45,Medium,"['Repeated product views', 'Added product to cart']",No clear barrier,Cart,Normal,Nurture the shopper and provide useful product information,
OPP_00567,CUST_92752,Aditi Iyer,New,NH005,Invisible Tape Hair Extensions,Hair Extensions,11999,4,True,True,11999,0,0,Instagram,I want to order this today. How do I proceed?,2026-08-07 14:39:00,Not Purchased,0,82,High,"['Multiple product views', 'Added product to cart', 'Started checkout', 'High-value cart']",No clear barrier,Checkout,High,Follow up with the high-intent shopper,
OPP_00568,CUST_23159,Ishita Rao,Returning,NH002,Brown Wavy Clip-In Extensions,Hair Extensions,7499,2,False,False,0,4,34873,Email,Can you tell me more about your products?,2026-08-02 21:14:00,Not Purchased,0,10,Low,['Returning customer'],No clear barrier,Discovery,Normal,No immediate action required,
OPP_00569,CUST_16828,Ishita Malhotra,New,NH006,Hair Topper - Natural Black,Hair Toppers,8499,2,False,False,0,0,0,Instagram,Can you tell me more about your products?,2026-08-04 11:19:00,Purchased,0,0,Low,[],No clear barrier,Discovery,Normal,No immediate action required,
OPP_00570,CUST_95089,Priya Agarwal,New,NH001,Natural Black Clip-In Extensions,Hair Extensions,6999,4,True,True,6999,0,0,Instagram,Can I pay using UPI?,2026-08-11 15:34:00,Purchased,6999,72,Medium,"['Multiple product views', 'Added product to cart', 'Started checkout']",Payment,Checkout,Normal,Explain available payment options,
OPP_00571,CUST_64328,Pooja Mehta,Returning,NH008,Natural Black Ponytail Extension,Ponytails,4999,7,True,False,4999,2,21083,Instagram,Do you have any offer running right now?,2026-08-22 20:57:00,Purchased,4999,55,Medium,"['Repeated product views', 'Added product to cart', 'Returning customer']",Price,Cart,Normal,Address the price concern and share applicable offers,
OPP_00572,CUST_70610,Kavya Kapoor,New,NH010,Human Hair Wig - Natural Black,Wigs,14999,7,True,True,14999,0,0,Website Chat,I want to order this today. How do I proceed?,2026-08-10 12:01:00,Not Purchased,0,90,High,"['Repeated product views', 'Added product to cart', 'Started checkout', 'High-value cart']",No clear barrier,Checkout,High,Follow up with the high-intent shopper,
OPP_00573,CUST_84349,Neha Sharma,New,NH010,Human Hair Wig - Natural Black,Wigs,14999,2,False,False,0,0,0,Instagram,Will this work for short hair?,2026-08-20 04:47:00,Not Purchased,0,0,Low,[],No clear barrier,Discovery,Normal,No immediate action required,
OPP_00574,CUST_44891,Nisha Rao,New,NH008,Natural Black Ponytail Extension,Ponytails,4999,1,False,False,0,0,0,Instagram,I'm just exploring your hair extensions. What do you recommend?,2026-08-04 08:06:00,Not Purchased,0,0,Low,[],Product suitability,Discovery,Normal,Recommend the most suitable product for the shopper,
OPP_00575,CUST_63546,Priya Sharma,Returning,NH007,Hair Topper - Brown,Hair Toppers,8999,5,True,False,8999,5,18127,Email,Can I place the order now?,2026-08-06 17:36:00,Purchased,8999,55,Medium,"['Repeated product views', 'Added product to cart', 'Returning customer']",No clear barrier,Cart,Normal,Nurture the shopper and provide useful product information,
OPP_00576,CUST_11352,Karan Mehta,New,NH010,Human Hair Wig - Natural Black,Wigs,14999,6,False,False,0,0,0,Email,I'm not sure which type would suit my hair. Can you help?,2026-08-10 10:07:00,Not Purchased,0,20,Low,['Repeated product views'],Product suitability,Consideration,Normal,Recommend the most suitable product for the shopper,
OPP_00577,CUST_40781,Karan Joshi,Returning,NH004,Luxury Wavy Human Hair Extensions,Hair Extensions,10999,2,True,False,10999,6,31740,WhatsApp,What types of hair extensions do you have?,2026-08-07 03:31:00,Purchased,10999,45,Medium,"['Added product to cart', 'Returning customer', 'High-value cart']",No clear barrier,Cart,Normal,Nurture the shopper and provide useful product information,
OPP_00578,CUST_83342,Aarav Gupta,New,NH009,Wavy Ponytail Extension,Ponytails,5499,5,False,False,0,0,0,Website Chat,Will this work for short hair?,2026-08-05 05:46:00,Purchased,0,20,Low,['Repeated product views'],No clear barrier,Consideration,Normal,No immediate action required,
OPP_00579,CUST_25314,Aditi Sharma,New,NH009,Wavy Ponytail Extension,Ponytails,5499,5,True,True,10998,0,0,Website Chat,Will this work for short hair?,2026-08-21 05:03:00,Purchased,10998,90,High,"['Repeated product views', 'Added product to cart', 'Started checkout', 'High-value cart']",No clear barrier,Checkout,Normal,Follow up with the high-intent shopper,
OPP_00580,CUST_67117,Ishita Joshi,Returning,NH005,Invisible Tape Hair Extensions,Hair Extensions,11999,5,True,True,11999,4,22541,Instagram,I bought from you before. Do you have the same shade again?,2026-08-14 00:28:00,Purchased,11999,100,High,"['Repeated product views', 'Added product to cart', 'Started checkout', 'Returning customer', 'High-value cart']",Color matching,Checkout,Normal,Help the shopper choose the closest color match,
OPP_00581,CUST_71228,Tanya Patel,New,NH008,Natural Black Ponytail Extension,Ponytails,4999,4,True,True,9998,0,0,Instagram,Is there any discount available on this?,2026-08-11 10:07:00,Purchased,9998,72,Medium,"['Multiple product views', 'Added product to cart', 'Started checkout']",Price,Checkout,Normal,Address the price concern and share applicable offers,
OPP_00582,CUST_26207,Pooja Patel,Returning,NH006,Hair Topper - Natural Black,Hair Toppers,8499,2,False,False,0,5,35798,Website Chat,How long does the hair normally last?,2026-08-05 11:39:00,Not Purchased,0,10,Low,['Returning customer'],Product quality,Discovery,Normal,Answer the shopper's product quality questions,
OPP_00583,CUST_84814,Ishita Desai,Returning,NH003,Premium Straight Human Hair Extensions,Hair Extensions,8999,7,True,True,8999,3,40912,WhatsApp,I bought from you before. Do you have the same shade again?,2026-08-18 20:34:00,Purchased,8999,90,High,"['Repeated product views', 'Added product to cart', 'Started checkout', 'Returning customer']",Color matching,Checkout,Normal,Help the shopper choose the closest color match,
OPP_00584,CUST_87376,Neha Agarwal,New,NH008,Natural Black Ponytail Extension,Ponytails,4999,3,True,True,4999,0,0,Email,I bought from you before. Do you have the same shade again?,2026-08-02 00:46:00,Purchased,4999,72,Medium,"['Multiple product views', 'Added product to cart', 'Started checkout']",Color matching,Checkout,Normal,Help the shopper choose the closest color match,
OPP_00585,CUST_15747,Shreya Verma,New,NH002,Brown Wavy Clip-In Extensions,Hair Extensions,7499,5,True,False,7499,0,0,Email,Can you help me select the closest shade?,2026-08-18 02:02:00,Purchased,7499,45,Medium,"['Repeated product views', 'Added product to cart']",Color matching,Cart,Normal,Help the shopper choose the closest color match,
OPP_00586,CUST_81716,Shreya Desai,New,NH010,Human Hair Wig - Natural Black,Wigs,14999,8,True,True,14999,0,0,WhatsApp,I loved my previous order. Which product is closest to it?,2026-08-07 04:21:00,Purchased,14999,90,High,"['Repeated product views', 'Added product to cart', 'Started checkout', 'High-value cart']",Product suitability,Checkout,Normal,Recommend the most suitable product for the shopper,
OPP_00587,CUST_62742,Nisha Malhotra,New,NH003,Premium Straight Human Hair Extensions,Hair Extensions,8999,2,True,False,8999,0,0,Website Chat,What types of hair extensions do you have?,2026-08-08 04:02:00,Not Purchased,0,25,Low,['Added product to cart'],No clear barrier,Cart,Normal,No immediate action required,
OPP_00588,CUST_77194,Kavya Verma,Returning,NH008,Natural Black Ponytail Extension,Ponytails,4999,7,True,True,4999,6,24322,Instagram,I loved my previous order. Which product is closest to it?,2026-08-12 05:11:00,Purchased,4999,90,High,"['Repeated product views', 'Added product to cart', 'Started checkout', 'Returning customer']",Product suitability,Checkout,Normal,Recommend the most suitable product for the shopper,
OPP_00589,CUST_66899,Tanya Patel,New,NH005,Invisible Tape Hair Extensions,Hair Extensions,11999,5,False,False,0,0,0,WhatsApp,Do you have this in natural black right now?,2026-08-09 03:38:00,Not Purchased,0,20,Low,['Repeated product views'],No clear barrier,Consideration,Normal,No immediate action required,
OPP_00590,CUST_94833,Arjun Patel,New,NH008,Natural Black Ponytail Extension,Ponytails,4999,3,False,False,0,0,0,Email,I have dark brown hair. Which shade should I choose?,2026-08-11 07:51:00,Not Purchased,0,12,Low,['Multiple product views'],Color matching,Consideration,Normal,Help the shopper choose the closest color match,
OPP_00591,CUST_78562,Tanya Kapoor,Returning,NH002,Brown Wavy Clip-In Extensions,Hair Extensions,7499,4,True,True,7499,4,23686,WhatsApp,The price is a little high. Is there a better price available?,2026-08-03 02:47:00,Purchased,7499,82,High,"['Multiple product views', 'Added product to cart', 'Started checkout', 'Returning customer']",Price,Checkout,Normal,Address the price concern and share applicable offers,
OPP_00592,CUST_86751,Ananya Iyer,New,NH001,Natural Black Clip-In Extensions,Hair Extensions,6999,5,True,False,6999,0,0,WhatsApp,Is this real human hair?,2026-08-18 05:25:00,Purchased,6999,45,Medium,"['Repeated product views', 'Added product to cart']",Product quality,Cart,Normal,Answer the shopper's product quality questions,
OPP_00593,CUST_49013,Aditi Gupta,New,NH008,Natural Black Ponytail Extension,Ponytails,4999,6,True,True,9998,0,0,Instagram,The price is a little high. Is there a better price available?,2026-08-11 14:43:00,Not Purchased,0,80,High,"['Repeated product views', 'Added product to cart', 'Started checkout']",Price,Checkout,Normal,Address the price concern and share applicable offers,"{'type': 'Percentage discount', 'value': 10, 'description': '10% off, up to ₹1,500'}"
OPP_00594,CUST_23936,Tanya Singh,Returning,NH010,Human Hair Wig - Natural Black,Wigs,14999,3,True,False,14999,3,16267,WhatsApp,Is there any discount available on this?,2026-08-10 08:41:00,Not Purchased,0,57,Medium,"['Multiple product views', 'Added product to cart', 'Returning customer', 'High-value cart']",Price,Cart,Normal,Address the price concern and share applicable offers,
OPP_00595,CUST_88890,Karan Kapoor,New,NH002,Brown Wavy Clip-In Extensions,Hair Extensions,7499,5,False,False,0,0,0,Email,Can you help me select the closest shade?,2026-08-16 16:59:00,Not Purchased,0,20,Low,['Repeated product views'],Color matching,Consideration,Normal,Help the shopper choose the closest color match,
OPP_00596,CUST_34670,Riya Shah,Returning,NH007,Hair Topper - Brown,Hair Toppers,8999,4,True,True,8999,1,12197,Instagram,The price is a little high. Is there a better price available?,2026-08-04 16:16:00,Purchased,8999,82,High,"['Multiple product views', 'Added product to cart', 'Started checkout', 'Returning customer']",Price,Checkout,Normal,Address the price concern and share applicable offers,
OPP_00597,CUST_65296,Riya Patel,New,NH004,Luxury Wavy Human Hair Extensions,Hair Extensions,10999,6,True,True,21998,0,0,Website Chat,Is cash on delivery available?,2026-08-18 04:28:00,Purchased,21998,90,High,"['Repeated product views', 'Added product to cart', 'Started checkout', 'High-value cart']",Delivery,Checkout,Normal,Confirm delivery availability and expected delivery date,
OPP_00598,CUST_61345,Aarav Joshi,Returning,NH008,Natural Black Ponytail Extension,Ponytails,4999,1,False,False,0,4,5286,WhatsApp,What types of hair extensions do you have?,2026-08-15 17:17:00,Not Purchased,0,10,Low,['Returning customer'],No clear barrier,Discovery,Normal,No immediate action required,
OPP_00599,CUST_62386,Karan Singh,Returning,NH007,Hair Topper - Brown,Hair Toppers,8999,6,False,False,0,4,41923,Instagram,Is cash on delivery available?,2026-08-17 15:05:00,Purchased,0,30,Low,"['Repeated product views', 'Returning customer']",Delivery,Consideration,Normal,Confirm delivery availability and expected delivery date,
OPP_00600,CUST_25327,Karan Gupta,New,NH001,Natural Black Clip-In Extensions,Hair Extensions,6999,4,True,True,13998,0,0,Email,When will this product be back in stock?,2026-08-17 05:56:00,Not Purchased,0,82,High,"['Multiple product views', 'Added product to cart', 'Started checkout', 'High-value cart']",Availability,Checkout,Normal,Confirm product availability or expected restock,
OPP_00601,CUST_99780,Aditi Gupta,New,NH007,Hair Topper - Brown,Hair Toppers,8999,3,True,True,8999,0,0,Instagram,Which one would be best for thin hair?,2026-08-21 11:19:00,Purchased,8999,72,Medium,"['Multiple product views', 'Added product to cart', 'Started checkout']",Product suitability,Checkout,Normal,Recommend the most suitable product for the shopper,
OPP_00602,CUST_31237,Shreya Shah,Returning,NH005,Invisible Tape Hair Extensions,Hair Extensions,11999,2,False,False,0,4,31319,Email,Can you tell me more about your products?,2026-08-18 10:11:00,Not Purchased,0,10,Low,['Returning customer'],No clear barrier,Discovery,Normal,No immediate action required,
OPP_00603,CUST_64523,Karan Kapoor,New,NH002,Brown Wavy Clip-In Extensions,Hair Extensions,7499,4,True,True,14998,0,0,Website Chat,Is there any discount available on this?,2026-08-14 01:06:00,Purchased,14998,82,High,"['Multiple product views', 'Added product to cart', 'Started checkout', 'High-value cart']",Price,Checkout,Normal,Address the price concern and share applicable offers,
OPP_00604,CUST_54267,Tanya Patel,Returning,NH001,Natural Black Clip-In Extensions,Hair Extensions,6999,3,True,False,6999,3,21092,Website Chat,Which one would be best for thin hair?,2026-08-14 03:55:00,Not Purchased,0,47,Medium,"['Multiple product views', 'Added product to cart', 'Returning customer']",Product suitability,Cart,Normal,Recommend the most suitable product for the shopper,
OPP_00605,CUST_77552,Shreya Malhotra,New,NH004,Luxury Wavy Human Hair Extensions,Hair Extensions,10999,5,True,False,10999,0,0,WhatsApp,I have added this to my cart. Is anything else needed to complete the order?,2026-08-02 12:32:00,Not Purchased,0,55,Medium,"['Repeated product views', 'Added product to cart', 'High-value cart']",No clear barrier,Cart,Normal,Nurture the shopper and provide useful product information,
OPP_00606,CUST_23816,Ishita Malhotra,Returning,NH008,Natural Black Ponytail Extension,Ponytails,4999,1,False,False,0,1,10939,WhatsApp,What types of hair extensions do you have?,2026-08-22 02:31:00,Purchased,0,10,Low,['Returning customer'],No clear barrier,Discovery,Normal,No immediate action required,
OPP_00607,CUST_23014,Priya Malhotra,New,NH006,Hair Topper - Natural Black,Hair Toppers,8499,5,False,False,0,0,0,Email,Will this work for short hair?,2026-08-20 00:22:00,Not Purchased,0,20,Low,['Repeated product views'],No clear barrier,Consideration,Normal,No immediate action required,
OPP_00608,CUST_72084,Aditi Kapoor,New,NH003,Premium Straight Human Hair Extensions,Hair Extensions,8999,6,True,False,8999,0,0,Website Chat,Is there any discount available on this?,2026-08-07 10:16:00,Purchased,8999,45,Medium,"['Repeated product views', 'Added product to cart']",Price,Cart,Normal,Address the price concern and share applicable offers,
OPP_00609,CUST_28087,Tanya Desai,Returning,NH006,Hair Topper - Natural Black,Hair Toppers,8499,3,True,False,16998,4,27635,Instagram,Can I pay using UPI?,2026-08-23 00:49:00,Not Purchased,0,57,Medium,"['Multiple product views', 'Added product to cart', 'Returning customer', 'High-value cart']",Payment,Cart,Normal,Explain available payment options,
OPP_00610,CUST_19120,Ananya Joshi,Returning,NH009,Wavy Ponytail Extension,Ponytails,5499,2,False,False,0,3,5950,Email,How long does the hair normally last?,2026-08-23 17:16:00,Not Purchased,0,10,Low,['Returning customer'],Product quality,Discovery,Normal,Answer the shopper's product quality questions,
OPP_00611,CUST_85308,Aarav Malhotra,New,NH003,Premium Straight Human Hair Extensions,Hair Extensions,8999,2,False,False,0,0,0,Email,When will this product be back in stock?,2026-08-10 12:32:00,Not Purchased,0,0,Low,[],Availability,Discovery,Normal,Confirm product availability or expected restock,
OPP_00612,CUST_68482,Kavya Singh,Returning,NH009,Wavy Ponytail Extension,Ponytails,5499,3,True,False,5499,6,24558,Instagram,I've purchased from you before. Is this the same quality?,2026-08-09 05:33:00,Not Purchased,0,47,Medium,"['Multiple product views', 'Added product to cart', 'Returning customer']",Product quality,Cart,Normal,Answer the shopper's product quality questions,
OPP_00613,CUST_80882,Nisha Shah,Returning,NH007,Hair Topper - Brown,Hair Toppers,8999,5,True,True,8999,3,9523,WhatsApp,Can you confirm if this can be delivered by Friday?,2026-08-13 22:20:00,Purchased,8999,90,High,"['Repeated product views', 'Added product to cart', 'Started checkout', 'Returning customer']",Delivery,Checkout,High,Confirm delivery availability and expected delivery date,
OPP_00614,CUST_49838,Tanya Singh,New,NH005,Invisible Tape Hair Extensions,Hair Extensions,11999,1,True,False,11999,0,0,WhatsApp,Can you tell me more about your products?,2026-08-02 17:44:00,Purchased,11999,35,Low,"['Added product to cart', 'High-value cart']",No clear barrier,Cart,Normal,No immediate action required,
OPP_00615,CUST_85030,Riya Verma,New,NH006,Hair Topper - Natural Black,Hair Toppers,8499,2,True,False,8499,0,0,Email,Is this real human hair?,2026-08-19 16:50:00,Not Purchased,0,25,Low,['Added product to cart'],Product quality,Cart,Normal,Answer the shopper's product quality questions,
OPP_00616,CUST_47294,Sanya Malhotra,New,NH010,Human Hair Wig - Natural Black,Wigs,14999,8,True,True,14999,0,0,Website Chat,I've purchased from you before. Is this the same quality?,2026-08-09 23:15:00,Purchased,14999,90,High,"['Repeated product views', 'Added product to cart', 'Started checkout', 'High-value cart']",Product quality,Checkout,Normal,Answer the shopper's product quality questions,
OPP_00617,CUST_22843,Priya Rao,Returning,NH009,Wavy Ponytail Extension,Ponytails,5499,3,False,False,0,1,25485,Instagram,How long does the hair normally last?,2026-08-03 05:45:00,Not Purchased,0,22,Low,"['Multiple product views', 'Returning customer']",Product quality,Consideration,Normal,Answer the shopper's product quality questions,
OPP_00618,CUST_78977,Sneha Gupta,New,NH002,Brown Wavy Clip-In Extensions,Hair Extensions,7499,6,True,True,7499,0,0,Instagram,I loved my previous order. Which product is closest to it?,2026-08-14 16:06:00,Purchased,7499,80,High,"['Repeated product views', 'Added product to cart', 'Started checkout']",Product suitability,Checkout,Normal,Recommend the most suitable product for the shopper,
OPP_00619,CUST_64646,Ishita Mehta,New,NH008,Natural Black Ponytail Extension,Ponytails,4999,8,True,False,9998,0,0,Website Chat,Can I place the order now?,2026-08-17 13:22:00,Not Purchased,0,45,Medium,"['Repeated product views', 'Added product to cart']",No clear barrier,Cart,Normal,Nurture the shopper and provide useful product information,
OPP_00620,CUST_30557,Vikram Joshi,New,NH008,Natural Black Ponytail Extension,Ponytails,4999,6,True,True,9998,0,0,WhatsApp,Can you help me select the closest shade?,2026-08-20 18:28:00,Purchased,9998,80,High,"['Repeated product views', 'Added product to cart', 'Started checkout']",Color matching,Checkout,Normal,Help the shopper choose the closest color match,
OPP_00621,CUST_59081,Nisha Kapoor,New,NH007,Hair Topper - Brown,Hair Toppers,8999,4,True,True,8999,0,0,Instagram,Is this shade currently available?,2026-08-19 09:06:00,Purchased,8999,72,Medium,"['Multiple product views', 'Added product to cart', 'Started checkout']",Color matching,Checkout,Normal,Help the shopper choose the closest color match,
OPP_00622,CUST_47156,Kavya Mehta,New,NH003,Premium Straight Human Hair Extensions,Hair Extensions,8999,2,False,False,0,0,0,Instagram,Is cash on delivery available?,2026-08-04 03:48:00,Not Purchased,0,0,Low,[],Delivery,Discovery,Normal,Confirm delivery availability and expected delivery date,
OPP_00623,CUST_54279,Sneha Verma,New,NH009,Wavy Ponytail Extension,Ponytails,5499,6,True,True,5499,0,0,Website Chat,I bought from you before. Do you have the same shade again?,2026-08-12 20:40:00,Purchased,5499,80,High,"['Repeated product views', 'Added product to cart', 'Started checkout']",Color matching,Checkout,Normal,Help the shopper choose the closest color match,
OPP_00624,CUST_61825,Aditi Singh,Returning,NH008,Natural Black Ponytail Extension,Ponytails,4999,8,True,True,9998,6,33430,WhatsApp,The price is a little high. Is there a better price available?,2026-08-21 15:04:00,Purchased,9998,90,High,"['Repeated product views', 'Added product to cart', 'Started checkout', 'Returning customer']",Price,Checkout,Normal,Address the price concern and share applicable offers,
OPP_00625,CUST_26224,Vikram Patel,Returning,NH008,Natural Black Ponytail Extension,Ponytails,4999,8,True,True,4999,6,9801,Website Chat,I've purchased from you before. Is this the same quality?,2026-08-13 16:54:00,Purchased,4999,90,High,"['Repeated product views', 'Added product to cart', 'Started checkout', 'Returning customer']",Product quality,Checkout,Normal,Answer the shopper's product quality questions,
OPP_00626,CUST_79711,Ishita Sharma,Returning,NH010,Human Hair Wig - Natural Black,Wigs,14999,6,True,True,14999,5,38193,Email,Is there any discount available on this?,2026-08-06 22:57:00,Purchased,14999,100,High,"['Repeated product views', 'Added product to cart', 'Started checkout', 'Returning customer', 'High-value cart']",Price,Checkout,Normal,Address the price concern and share applicable offers,
OPP_00627,CUST_13049,Aditi Desai,New,NH010,Human Hair Wig - Natural Black,Wigs,14999,2,False,False,0,0,0,Website Chat,I'm just exploring your hair extensions. What do you recommend?,2026-08-01 22:08:00,Not Purchased,0,0,Low,[],Product suitability,Discovery,Normal,Recommend the most suitable product for the shopper,
OPP_00628,CUST_47401,Priya Mehta,New,NH009,Wavy Ponytail Extension,Ponytails,5499,2,False,False,0,0,0,Email,Which one would be best for thin hair?,2026-08-04 21:13:00,Not Purchased,0,0,Low,[],Product suitability,Discovery,Normal,Recommend the most suitable product for the shopper,
OPP_00629,CUST_22942,Aditi Mehta,Returning,NH005,Invisible Tape Hair Extensions,Hair Extensions,11999,5,True,True,11999,6,15088,Instagram,How many days will delivery take to my city?,2026-08-07 05:51:00,Purchased,11999,100,High,"['Repeated product views', 'Added product to cart', 'Started checkout', 'Returning customer', 'High-value cart']",Delivery,Checkout,Normal,Confirm delivery availability and expected delivery date,
OPP_00630,CUST_76115,Sneha Patel,Returning,NH007,Hair Topper - Brown,Hair Toppers,8999,7,True,True,17998,1,7399,Email,Is there any discount available on this?,2026-08-08 14:51:00,Purchased,17998,100,High,"['Repeated product views', 'Added product to cart', 'Started checkout', 'Returning customer', 'High-value cart']",Price,Checkout,Normal,Address the price concern and share applicable offers,
OPP_00631,CUST_12440,Simran Singh,New,NH008,Natural Black Ponytail Extension,Ponytails,4999,3,True,True,4999,0,0,WhatsApp,I need this for a wedding next Saturday. Can it reach me before then?,2026-08-18 17:41:00,Not Purchased,0,72,Medium,"['Multiple product views', 'Added product to cart', 'Started checkout']",Delivery,Checkout,High,Confirm delivery availability and expected delivery date,
OPP_00632,CUST_75592,Kavya Iyer,New,NH009,Wavy Ponytail Extension,Ponytails,5499,7,True,True,5499,0,0,Website Chat,Do you have any offer running right now?,2026-08-13 16:09:00,Not Purchased,0,80,High,"['Repeated product views', 'Added product to cart', 'Started checkout']",Price,Checkout,Normal,Address the price concern and share applicable offers,"{'type': 'Percentage discount', 'value': 5, 'description': '5% off the current cart'}"
OPP_00633,CUST_91360,Nisha Malhotra,Returning,NH003,Premium Straight Human Hair Extensions,Hair Extensions,8999,7,True,True,8999,5,31771,Website Chat,I want to order this today. How do I proceed?,2026-08-02 17:51:00,Purchased,8999,90,High,"['Repeated product views', 'Added product to cart', 'Started checkout', 'Returning customer']",No clear barrier,Checkout,High,Follow up with the high-intent shopper,
OPP_00634,CUST_37886,Sanya Agarwal,New,NH008,Natural Black Ponytail Extension,Ponytails,4999,5,False,False,0,0,0,Email,Which one would be best for thin hair?,2026-08-05 01:09:00,Not Purchased,0,20,Low,['Repeated product views'],Product suitability,Consideration,Normal,Recommend the most suitable product for the shopper,
OPP_00635,CUST_82938,Simran Desai,New,NH009,Wavy Ponytail Extension,Ponytails,5499,5,False,False,0,0,0,Website Chat,I'm not sure which type would suit my hair. Can you help?,2026-08-12 20:41:00,Not Purchased,0,20,Low,['Repeated product views'],Product suitability,Consideration,Normal,Recommend the most suitable product for the shopper,
OPP_00636,CUST_52157,Aditi Shah,Returning,NH006,Hair Topper - Natural Black,Hair Toppers,8499,8,True,True,8499,3,21128,Instagram,I have added this to my cart. Is anything else needed to complete the order?,2026-08-08 20:22:00,Purchased,8499,90,High,"['Repeated product views', 'Added product to cart', 'Started checkout', 'Returning customer']",No clear barrier,Checkout,Normal,Follow up with the high-intent shopper,
OPP_00637,CUST_64154,Vikram Rao,Returning,NH001,Natural Black Clip-In Extensions,Hair Extensions,6999,2,False,False,0,2,4134,Instagram,Can I pay using UPI?,2026-08-13 14:53:00,Not Purchased,0,10,Low,['Returning customer'],Payment,Discovery,Normal,Explain available payment options,
OPP_00638,CUST_59332,Shreya Joshi,Returning,NH002,Brown Wavy Clip-In Extensions,Hair Extensions,7499,5,False,False,0,6,9080,Instagram,What is your return policy if the shade doesn't match?,2026-08-20 11:17:00,Not Purchased,0,30,Low,"['Repeated product views', 'Returning customer']",Color matching,Consideration,Normal,Help the shopper choose the closest color match,
OPP_00639,CUST_99201,Pooja Shah,New,NH001,Natural Black Clip-In Extensions,Hair Extensions,6999,3,True,True,6999,0,0,WhatsApp,Do you have this in natural black right now?,2026-08-15 14:27:00,Not Purchased,0,72,Medium,"['Multiple product views', 'Added product to cart', 'Started checkout']",No clear barrier,Checkout,Normal,Nurture the shopper and provide useful product information,
OPP_00640,CUST_89433,Kavya Sharma,Returning,NH005,Invisible Tape Hair Extensions,Hair Extensions,11999,5,True,True,23998,2,19352,Website Chat,I have added this to my cart. Is anything else needed to complete the order?,2026-08-10 09:18:00,Not Purchased,0,100,High,"['Repeated product views', 'Added product to cart', 'Started checkout', 'Returning customer', 'High-value cart']",No clear barrier,Checkout,Normal,Follow up with the high-intent shopper,"{'type': 'Loyalty discount', 'value': 10, 'description': '10% loyalty discount, up to ₹1,500'}"
OPP_00641,CUST_26809,Ananya Mehta,Returning,NH002,Brown Wavy Clip-In Extensions,Hair Extensions,7499,6,True,False,7499,5,36789,Email,Can I style and use heat on this hair?,2026-08-20 20:12:00,Purchased,7499,55,Medium,"['Repeated product views', 'Added product to cart', 'Returning customer']",Product quality,Cart,Normal,Answer the shopper's product quality questions,
OPP_00642,CUST_69497,Riya Desai,Returning,NH004,Luxury Wavy Human Hair Extensions,Hair Extensions,10999,8,True,True,10999,6,21978,WhatsApp,Do you have any offer running right now?,2026-08-11 05:13:00,Purchased,10999,100,High,"['Repeated product views', 'Added product to cart', 'Started checkout', 'Returning customer', 'High-value cart']",Price,Checkout,Normal,Address the price concern and share applicable offers,
OPP_00643,CUST_39431,Aarav Kapoor,New,NH007,Hair Topper - Brown,Hair Toppers,8999,5,True,False,8999,0,0,Instagram,Can you help me select the closest shade?,2026-08-11 14:08:00,Not Purchased,0,45,Medium,"['Repeated product views', 'Added product to cart']",Color matching,Cart,Normal,Help the shopper choose the closest color match,
OPP_00644,CUST_39573,Tanya Patel,New,NH006,Hair Topper - Natural Black,Hair Toppers,8499,3,True,False,8499,0,0,Website Chat,Is there any discount available on this?,2026-08-05 02:49:00,Not Purchased,0,37,Low,"['Multiple product views', 'Added product to cart']",Price,Cart,Normal,Address the price concern and share applicable offers,
OPP_00645,CUST_92090,Aditi Agarwal,New,NH006,Hair Topper - Natural Black,Hair Toppers,8499,2,True,True,8499,0,0,Email,Is cash on delivery available?,2026-08-03 19:53:00,Purchased,8499,60,Medium,"['Added product to cart', 'Started checkout']",Delivery,Checkout,Normal,Confirm delivery availability and expected delivery date,
OPP_00646,CUST_41030,Ananya Iyer,New,NH008,Natural Black Ponytail Extension,Ponytails,4999,2,False,False,0,0,0,Instagram,Which one would be best for thin hair?,2026-08-15 14:31:00,Not Purchased,0,0,Low,[],Product suitability,Discovery,Normal,Recommend the most suitable product for the shopper,
OPP_00647,CUST_18523,Priya Sharma,New,NH008,Natural Black Ponytail Extension,Ponytails,4999,3,True,False,9998,0,0,Instagram,I need this for a wedding next Saturday. Can it reach me before then?,2026-08-08 05:38:00,Purchased,9998,37,Low,"['Multiple product views', 'Added product to cart']",Delivery,Cart,High,Confirm delivery availability and expected delivery date,
OPP_00648,CUST_59998,Sneha Patel,New,NH010,Human Hair Wig - Natural Black,Wigs,14999,8,True,True,14999,0,0,Instagram,I need this for a wedding next Saturday. Can it reach me before then?,2026-08-21 01:10:00,Purchased,14999,90,High,"['Repeated product views', 'Added product to cart', 'Started checkout', 'High-value cart']",Delivery,Checkout,High,Confirm delivery availability and expected delivery date,
OPP_00649,CUST_91163,Neha Joshi,Returning,NH010,Human Hair Wig - Natural Black,Wigs,14999,5,False,False,0,5,4695,WhatsApp,How long does the hair normally last?,2026-08-13 03:28:00,Not Purchased,0,30,Low,"['Repeated product views', 'Returning customer']",Product quality,Consideration,Normal,Answer the shopper's product quality questions,
OPP_00650,CUST_35377,Sanya Mehta,New,NH006,Hair Topper - Natural Black,Hair Toppers,8499,3,True,True,8499,0,0,Email,How many days will delivery take to my city?,2026-08-10 22:55:00,Purchased,8499,72,Medium,"['Multiple product views', 'Added product to cart', 'Started checkout']",Delivery,Checkout,Normal,Confirm delivery availability and expected delivery date,
OPP_00651,CUST_95420,Pooja Kapoor,Returning,NH008,Natural Black Ponytail Extension,Ponytails,4999,2,True,True,9998,4,16184,Website Chat,Which one would be best for thin hair?,2026-08-12 01:25:00,Purchased,9998,70,Medium,"['Added product to cart', 'Started checkout', 'Returning customer']",Product suitability,Checkout,Normal,Recommend the most suitable product for the shopper,
OPP_00652,CUST_76467,Vikram Agarwal,New,NH005,Invisible Tape Hair Extensions,Hair Extensions,11999,2,True,False,11999,0,0,WhatsApp,Will this work for short hair?,2026-08-09 04:46:00,Purchased,11999,35,Low,"['Added product to cart', 'High-value cart']",No clear barrier,Cart,Normal,No immediate action required,
OPP_00653,CUST_71263,Shreya Rao,Returning,NH004,Luxury Wavy Human Hair Extensions,Hair Extensions,10999,2,False,False,0,6,17189,Email,Can you tell me more about your products?,2026-08-14 06:09:00,Not Purchased,0,10,Low,['Returning customer'],No clear barrier,Discovery,Normal,No immediate action required,
OPP_00654,CUST_10484,Meera Rao,New,NH006,Hair Topper - Natural Black,Hair Toppers,8499,3,True,False,8499,0,0,Website Chat,When will this product be back in stock?,2026-08-15 13:44:00,Not Purchased,0,37,Low,"['Multiple product views', 'Added product to cart']",Availability,Cart,Normal,Confirm product availability or expected restock,
OPP_00655,CUST_62469,Ishita Agarwal,New,NH004,Luxury Wavy Human Hair Extensions,Hair Extensions,10999,2,False,False,0,0,0,WhatsApp,I'm just exploring your hair extensions. What do you recommend?,2026-08-01 14:24:00,Not Purchased,0,0,Low,[],Product suitability,Discovery,Normal,Recommend the most suitable product for the shopper,
OPP_00656,CUST_13890,Kavya Shah,New,NH002,Brown Wavy Clip-In Extensions,Hair Extensions,7499,3,True,True,7499,0,0,Email,What is your return policy if the shade doesn't match?,2026-08-06 08:34:00,Purchased,7499,72,Medium,"['Multiple product views', 'Added product to cart', 'Started checkout']",Color matching,Checkout,Normal,Help the shopper choose the closest color match,
OPP_00657,CUST_98795,Priya Desai,Returning,NH005,Invisible Tape Hair Extensions,Hair Extensions,11999,3,True,False,11999,3,40340,WhatsApp,Will this work for short hair?,2026-08-22 16:14:00,Purchased,11999,57,Medium,"['Multiple product views', 'Added product to cart', 'Returning customer', 'High-value cart']",No clear barrier,Cart,Normal,Nurture the shopper and provide useful product information,
OPP_00658,CUST_91684,Tanya Rao,New,NH004,Luxury Wavy Human Hair Extensions,Hair Extensions,10999,4,False,False,0,0,0,WhatsApp,Which one would be best for thin hair?,2026-08-04 15:52:00,Not Purchased,0,12,Low,['Multiple product views'],Product suitability,Consideration,Normal,Recommend the most suitable product for the shopper,
OPP_00659,CUST_90744,Sanya Shah,Returning,NH003,Premium Straight Human Hair Extensions,Hair Extensions,8999,4,True,True,8999,2,38901,Email,Is this shade currently available?,2026-08-08 19:57:00,Not Purchased,0,82,High,"['Multiple product views', 'Added product to cart', 'Started checkout', 'Returning customer']",Color matching,Checkout,Normal,Help the shopper choose the closest color match,"{'type': 'Loyalty discount', 'value': 10, 'description': '10% loyalty discount, up to ₹1,500'}"
OPP_00660,CUST_74092,Kavya Rao,New,NH004,Luxury Wavy Human Hair Extensions,Hair Extensions,10999,1,False,False,0,0,0,WhatsApp,I'm just exploring your hair extensions. What do you recommend?,2026-08-19 08:59:00,Not Purchased,0,0,Low,[],Product suitability,Discovery,Normal,Recommend the most suitable product for the shopper,
OPP_00661,CUST_59005,Arjun Rao,New,NH010,Human Hair Wig - Natural Black,Wigs,14999,6,True,False,14999,0,0,Instagram,Can I style and use heat on this hair?,2026-08-23 02:58:00,Purchased,14999,55,Medium,"['Repeated product views', 'Added product to cart', 'High-value cart']",Product quality,Cart,Normal,Answer the shopper's product quality questions,
OPP_00662,CUST_36607,Rahul Agarwal,New,NH008,Natural Black Ponytail Extension,Ponytails,4999,6,False,False,0,0,0,Website Chat,Can I pay using UPI?,2026-08-06 08:22:00,Purchased,0,20,Low,['Repeated product views'],Payment,Consideration,Normal,Explain available payment options,
OPP_00663,CUST_82161,Ananya Mehta,New,NH005,Invisible Tape Hair Extensions,Hair Extensions,11999,3,False,False,0,0,0,WhatsApp,When will this product be back in stock?,2026-08-11 11:45:00,Not Purchased,0,12,Low,['Multiple product views'],Availability,Consideration,Normal,Confirm product availability or expected restock,
OPP_00664,CUST_63602,Pooja Iyer,New,NH009,Wavy Ponytail Extension,Ponytails,5499,5,True,True,10998,0,0,Instagram,Can I pay using UPI?,2026-08-07 14:06:00,Purchased,10998,90,High,"['Repeated product views', 'Added product to cart', 'Started checkout', 'High-value cart']",Payment,Checkout,Normal,Explain available payment options,
OPP_00665,CUST_20802,Nisha Agarwal,New,NH007,Hair Topper - Brown,Hair Toppers,8999,4,False,False,0,0,0,WhatsApp,How long does the hair normally last?,2026-08-22 11:03:00,Not Purchased,0,12,Low,['Multiple product views'],Product quality,Consideration,Normal,Answer the shopper's product quality questions,
OPP_00666,CUST_53154,Simran Kapoor,New,NH004,Luxury Wavy Human Hair Extensions,Hair Extensions,10999,3,True,True,10999,0,0,Email,I need this for a wedding next Saturday. Can it reach me before then?,2026-08-17 10:22:00,Purchased,10999,82,High,"['Multiple product views', 'Added product to cart', 'Started checkout', 'High-value cart']",Delivery,Checkout,High,Confirm delivery availability and expected delivery date,
OPP_00667,CUST_62928,Sneha Agarwal,Returning,NH010,Human Hair Wig - Natural Black,Wigs,14999,3,True,False,14999,6,39594,WhatsApp,I loved my previous order. Which product is closest to it?,2026-08-16 06:13:00,Not Purchased,0,57,Medium,"['Multiple product views', 'Added product to cart', 'Returning customer', 'High-value cart']",Product suitability,Cart,Normal,Recommend the most suitable product for the shopper,
OPP_00668,CUST_86939,Vikram Iyer,Returning,NH009,Wavy Ponytail Extension,Ponytails,5499,8,True,False,10998,2,30050,Instagram,The price is a little high. Is there a better price available?,2026-08-19 21:46:00,Purchased,10998,65,Medium,"['Repeated product views', 'Added product to cart', 'Returning customer', 'High-value cart']",Price,Cart,Normal,Address the price concern and share applicable offers,
OPP_00669,CUST_68978,Vikram Sharma,New,NH008,Natural Black Ponytail Extension,Ponytails,4999,4,True,True,9998,0,0,Email,I need this for a wedding next Saturday. Can it reach me before then?,2026-08-14 12:23:00,Purchased,9998,72,Medium,"['Multiple product views', 'Added product to cart', 'Started checkout']",Delivery,Checkout,High,Confirm delivery availability and expected delivery date,
OPP_00670,CUST_54541,Meera Desai,New,NH003,Premium Straight Human Hair Extensions,Hair Extensions,8999,2,False,False,0,0,0,Instagram,Can you tell me more about your products?,2026-08-18 12:02:00,Not Purchased,0,0,Low,[],No clear barrier,Discovery,Normal,No immediate action required,
OPP_00671,CUST_53286,Sanya Malhotra,Returning,NH007,Hair Topper - Brown,Hair Toppers,8999,6,True,False,8999,6,39232,Instagram,Will this work for short hair?,2026-08-06 00:31:00,Purchased,8999,55,Medium,"['Repeated product views', 'Added product to cart', 'Returning customer']",No clear barrier,Cart,Normal,Nurture the shopper and provide useful product information,
OPP_00672,CUST_49930,Ananya Mehta,New,NH007,Hair Topper - Brown,Hair Toppers,8999,5,True,False,17998,0,0,WhatsApp,Do you have this in natural black right now?,2026-08-13 22:57:00,Not Purchased,0,55,Medium,"['Repeated product views', 'Added product to cart', 'High-value cart']",No clear barrier,Cart,Normal,Nurture the shopper and provide useful product information,
OPP_00673,CUST_40544,Nisha Malhotra,New,NH003,Premium Straight Human Hair Extensions,Hair Extensions,8999,5,True,True,17998,0,0,WhatsApp,I have dark brown hair. Which shade should I choose?,2026-08-02 16:22:00,Purchased,17998,90,High,"['Repeated product views', 'Added product to cart', 'Started checkout', 'High-value cart']",Color matching,Checkout,Normal,Help the shopper choose the closest color match,
OPP_00674,CUST_64842,Karan Rao,New,NH006,Hair Topper - Natural Black,Hair Toppers,8499,6,True,True,8499,0,0,WhatsApp,Do you have any offer running right now?,2026-08-23 02:36:00,Purchased,8499,80,High,"['Repeated product views', 'Added product to cart', 'Started checkout']",Price,Checkout,Normal,Address the price concern and share applicable offers,
OPP_00675,CUST_85378,Nisha Gupta,New,NH004,Luxury Wavy Human Hair Extensions,Hair Extensions,10999,6,True,False,21998,0,0,Website Chat,The price is a little high. Is there a better price available?,2026-08-17 16:27:00,Purchased,21998,55,Medium,"['Repeated product views', 'Added product to cart', 'High-value cart']",Price,Cart,Normal,Address the price concern and share applicable offers,
OPP_00676,CUST_42353,Arjun Joshi,New,NH008,Natural Black Ponytail Extension,Ponytails,4999,4,True,True,9998,0,0,Instagram,How many days will delivery take to my city?,2026-08-11 21:41:00,Purchased,9998,72,Medium,"['Multiple product views', 'Added product to cart', 'Started checkout']",Delivery,Checkout,Normal,Confirm delivery availability and expected delivery date,
OPP_00677,CUST_48987,Sneha Gupta,New,NH010,Human Hair Wig - Natural Black,Wigs,14999,8,True,False,29998,0,0,Website Chat,How many days will delivery take to my city?,2026-08-07 01:03:00,Purchased,29998,55,Medium,"['Repeated product views', 'Added product to cart', 'High-value cart']",Delivery,Cart,Normal,Confirm delivery availability and expected delivery date,
OPP_00678,CUST_15723,Meera Agarwal,Returning,NH003,Premium Straight Human Hair Extensions,Hair Extensions,8999,3,False,False,0,6,32316,Website Chat,How long does the hair normally last?,2026-08-21 10:59:00,Purchased,0,22,Low,"['Multiple product views', 'Returning customer']",Product quality,Consideration,Normal,Answer the shopper's product quality questions,
OPP_00679,CUST_63907,Vikram Patel,New,NH009,Wavy Ponytail Extension,Ponytails,5499,8,True,False,5499,0,0,Email,I bought from you before. Do you have the same shade again?,2026-08-18 13:32:00,Not Purchased,0,45,Medium,"['Repeated product views', 'Added product to cart']",Color matching,Cart,Normal,Help the shopper choose the closest color match,
OPP_00680,CUST_76330,Aarav Verma,New,NH002,Brown Wavy Clip-In Extensions,Hair Extensions,7499,2,False,False,0,0,0,WhatsApp,What types of hair extensions do you have?,2026-08-15 21:54:00,Not Purchased,0,0,Low,[],No clear barrier,Discovery,Normal,No immediate action required,
OPP_00681,CUST_25031,Priya Joshi,New,NH008,Natural Black Ponytail Extension,Ponytails,4999,1,False,False,0,0,0,Instagram,I'm just exploring your hair extensions. What do you recommend?,2026-08-11 20:57:00,Purchased,0,0,Low,[],Product suitability,Discovery,Normal,Recommend the most suitable product for the shopper,
OPP_00682,CUST_12367,Shreya Patel,New,NH002,Brown Wavy Clip-In Extensions,Hair Extensions,7499,5,True,False,7499,0,0,Website Chat,I have dark brown hair. Which shade should I choose?,2026-08-04 04:48:00,Purchased,7499,45,Medium,"['Repeated product views', 'Added product to cart']",Color matching,Cart,Normal,Help the shopper choose the closest color match,
OPP_00683,CUST_56935,Ishita Shah,Returning,NH009,Wavy Ponytail Extension,Ponytails,5499,2,False,False,0,2,9084,WhatsApp,Can you help me select the closest shade?,2026-08-13 11:42:00,Not Purchased,0,10,Low,['Returning customer'],Color matching,Discovery,Normal,Help the shopper choose the closest color match,
OPP_00684,CUST_50412,Rahul Sharma,New,NH004,Luxury Wavy Human Hair Extensions,Hair Extensions,10999,8,True,False,10999,0,0,WhatsApp,I need this for a wedding next Saturday. Can it reach me before then?,2026-08-18 22:50:00,Purchased,10999,55,Medium,"['Repeated product views', 'Added product to cart', 'High-value cart']",Delivery,Cart,High,Confirm delivery availability and expected delivery date,
OPP_00685,CUST_11908,Aditi Agarwal,Returning,NH007,Hair Topper - Brown,Hair Toppers,8999,4,True,True,17998,2,28552,Website Chat,I've purchased from you before. Is this the same quality?,2026-08-16 14:20:00,Purchased,17998,92,High,"['Multiple product views', 'Added product to cart', 'Started checkout', 'Returning customer', 'High-value cart']",Product quality,Checkout,Normal,Answer the shopper's product quality questions,
OPP_00686,CUST_77174,Neha Agarwal,New,NH002,Brown Wavy Clip-In Extensions,Hair Extensions,7499,8,True,True,7499,0,0,Email,I loved my previous order. Which product is closest to it?,2026-08-14 03:57:00,Purchased,7499,80,High,"['Repeated product views', 'Added product to cart', 'Started checkout']",Product suitability,Checkout,Normal,Recommend the most suitable product for the shopper,
OPP_00687,CUST_23878,Pooja Joshi,New,NH004,Luxury Wavy Human Hair Extensions,Hair Extensions,10999,6,True,False,10999,0,0,Website Chat,I want to order this today. How do I proceed?,2026-08-10 12:37:00,Purchased,10999,55,Medium,"['Repeated product views', 'Added product to cart', 'High-value cart']",No clear barrier,Cart,High,Nurture the shopper and provide useful product information,
OPP_00688,CUST_58362,Aarav Patel,New,NH006,Hair Topper - Natural Black,Hair Toppers,8499,4,True,True,8499,0,0,Website Chat,Do you have any offer running right now?,2026-08-08 05:40:00,Purchased,8499,72,Medium,"['Multiple product views', 'Added product to cart', 'Started checkout']",Price,Checkout,Normal,Address the price concern and share applicable offers,
OPP_00689,CUST_22418,Shreya Joshi,New,NH010,Human Hair Wig - Natural Black,Wigs,14999,8,True,True,14999,0,0,Instagram,I have added this to my cart. Is anything else needed to complete the order?,2026-08-22 09:55:00,Purchased,14999,90,High,"['Repeated product views', 'Added product to cart', 'Started checkout', 'High-value cart']",No clear barrier,Checkout,Normal,Follow up with the high-intent shopper,
OPP_00690,CUST_18849,Aditi Sharma,New,NH003,Premium Straight Human Hair Extensions,Hair Extensions,8999,4,False,False,0,0,0,Instagram,I have dark brown hair. Which shade should I choose?,2026-08-13 00:05:00,Not Purchased,0,12,Low,['Multiple product views'],Color matching,Consideration,Normal,Help the shopper choose the closest color match,
OPP_00691,CUST_66164,Meera Gupta,New,NH004,Luxury Wavy Human Hair Extensions,Hair Extensions,10999,2,True,False,10999,0,0,WhatsApp,Will this match my natural hair color?,2026-08-04 12:07:00,Purchased,10999,35,Low,"['Added product to cart', 'High-value cart']",Color matching,Cart,Normal,Help the shopper choose the closest color match,
OPP_00692,CUST_88390,Rahul Rao,New,NH006,Hair Topper - Natural Black,Hair Toppers,8499,6,True,True,8499,0,0,Email,Is there any discount available on this?,2026-08-07 16:53:00,Purchased,8499,80,High,"['Repeated product views', 'Added product to cart', 'Started checkout']",Price,Checkout,Normal,Address the price concern and share applicable offers,
OPP_00693,CUST_13105,Meera Agarwal,New,NH006,Hair Topper - Natural Black,Hair Toppers,8499,2,False,False,0,0,0,Email,I'm just exploring your hair extensions. What do you recommend?,2026-08-06 21:18:00,Not Purchased,0,0,Low,[],Product suitability,Discovery,Normal,Recommend the most suitable product for the shopper,
OPP_00694,CUST_60002,Arjun Joshi,New,NH004,Luxury Wavy Human Hair Extensions,Hair Extensions,10999,8,True,False,10999,0,0,Website Chat,I loved my previous order. Which product is closest to it?,2026-08-15 16:56:00,Not Purchased,0,55,Medium,"['Repeated product views', 'Added product to cart', 'High-value cart']",Product suitability,Cart,Normal,Recommend the most suitable product for the shopper,
OPP_00695,CUST_32764,Sanya Singh,New,NH001,Natural Black Clip-In Extensions,Hair Extensions,6999,3,True,False,6999,0,0,Website Chat,Is this real human hair?,2026-08-12 22:07:00,Purchased,6999,37,Low,"['Multiple product views', 'Added product to cart']",Product quality,Cart,Normal,Answer the shopper's product quality questions,
OPP_00696,CUST_33125,Shreya Shah,New,NH002,Brown Wavy Clip-In Extensions,Hair Extensions,7499,3,False,False,0,0,0,Email,How long does the hair normally last?,2026-08-14 11:48:00,Not Purchased,0,12,Low,['Multiple product views'],Product quality,Consideration,Normal,Answer the shopper's product quality questions,
OPP_00697,CUST_31989,Karan Verma,Returning,NH008,Natural Black Ponytail Extension,Ponytails,4999,6,True,True,4999,2,21816,Instagram,I've purchased from you before. Is this the same quality?,2026-08-15 05:48:00,Purchased,4999,90,High,"['Repeated product views', 'Added product to cart', 'Started checkout', 'Returning customer']",Product quality,Checkout,Normal,Answer the shopper's product quality questions,
OPP_00698,CUST_49351,Shreya Singh,Returning,NH007,Hair Topper - Brown,Hair Toppers,8999,2,False,False,0,4,5298,Website Chat,Can you tell me more about your products?,2026-08-17 21:50:00,Not Purchased,0,10,Low,['Returning customer'],No clear barrier,Discovery,Normal,No immediate action required,
OPP_00699,CUST_27911,Karan Shah,New,NH003,Premium Straight Human Hair Extensions,Hair Extensions,8999,5,True,False,17998,0,0,Website Chat,Is this real human hair?,2026-08-01 11:16:00,Purchased,17998,55,Medium,"['Repeated product views', 'Added product to cart', 'High-value cart']",Product quality,Cart,Normal,Answer the shopper's product quality questions,
OPP_00700,CUST_58908,Sneha Verma,Returning,NH001,Natural Black Clip-In Extensions,Hair Extensions,6999,5,False,False,0,6,28527,Email,Can I style and use heat on this hair?,2026-08-23 20:19:00,Not Purchased,0,30,Low,"['Repeated product views', 'Returning customer']",Product quality,Consideration,Normal,Answer the shopper's product quality questions,
OPP_00701,CUST_67186,Simran Iyer,New,NH010,Human Hair Wig - Natural Black,Wigs,14999,3,True,True,14999,0,0,Email,I've purchased from you before. Is this the same quality?,2026-08-17 12:16:00,Purchased,14999,82,High,"['Multiple product views', 'Added product to cart', 'Started checkout', 'High-value cart']",Product quality,Checkout,Normal,Answer the shopper's product quality questions,
OPP_00702,CUST_42347,Meera Verma,New,NH008,Natural Black Ponytail Extension,Ponytails,4999,2,False,False,0,0,0,WhatsApp,When will this product be back in stock?,2026-08-15 17:35:00,Not Purchased,0,0,Low,[],Availability,Discovery,Normal,Confirm product availability or expected restock,
OPP_00703,CUST_42429,Shreya Gupta,Returning,NH001,Natural Black Clip-In Extensions,Hair Extensions,6999,5,False,False,0,6,13691,Website Chat,Which one would be best for thin hair?,2026-08-04 00:45:00,Purchased,0,30,Low,"['Repeated product views', 'Returning customer']",Product suitability,Consideration,Normal,Recommend the most suitable product for the shopper,
OPP_00704,CUST_34749,Tanya Mehta,New,NH002,Brown Wavy Clip-In Extensions,Hair Extensions,7499,6,True,True,7499,0,0,Instagram,I loved my previous order. Which product is closest to it?,2026-08-17 02:50:00,Purchased,7499,80,High,"['Repeated product views', 'Added product to cart', 'Started checkout']",Product suitability,Checkout,Normal,Recommend the most suitable product for the shopper,
OPP_00705,CUST_85053,Pooja Agarwal,New,NH005,Invisible Tape Hair Extensions,Hair Extensions,11999,5,True,False,11999,0,0,Website Chat,Can I return it if it doesn't work for me?,2026-08-18 09:54:00,Purchased,11999,55,Medium,"['Repeated product views', 'Added product to cart', 'High-value cart']",Returns,Cart,Normal,Explain the applicable return or exchange policy,
OPP_00706,CUST_64767,Arjun Desai,Returning,NH004,Luxury Wavy Human Hair Extensions,Hair Extensions,10999,4,True,False,10999,4,24191,Email,Can you confirm if this can be delivered by Friday?,2026-08-11 04:21:00,Purchased,10999,57,Medium,"['Multiple product views', 'Added product to cart', 'Returning customer', 'High-value cart']",Delivery,Cart,High,Confirm delivery availability and expected delivery date,
OPP_00707,CUST_24449,Rahul Gupta,New,NH003,Premium Straight Human Hair Extensions,Hair Extensions,8999,4,True,True,8999,0,0,Website Chat,Is there any discount available on this?,2026-08-05 22:44:00,Purchased,8999,72,Medium,"['Multiple product views', 'Added product to cart', 'Started checkout']",Price,Checkout,Normal,Address the price concern and share applicable offers,
OPP_00708,CUST_31774,Ananya Kapoor,Returning,NH001,Natural Black Clip-In Extensions,Hair Extensions,6999,6,True,True,6999,2,20996,WhatsApp,Can I place the order now?,2026-08-04 05:05:00,Purchased,6999,90,High,"['Repeated product views', 'Added product to cart', 'Started checkout', 'Returning customer']",No clear barrier,Checkout,Normal,Follow up with the high-intent shopper,
OPP_00709,CUST_44875,Riya Malhotra,New,NH005,Invisible Tape Hair Extensions,Hair Extensions,11999,4,True,True,11999,0,0,WhatsApp,I need this for a wedding next Saturday. Can it reach me before then?,2026-08-06 04:16:00,Purchased,11999,82,High,"['Multiple product views', 'Added product to cart', 'Started checkout', 'High-value cart']",Delivery,Checkout,High,Confirm delivery availability and expected delivery date,
OPP_00710,CUST_54175,Shreya Desai,Returning,NH009,Wavy Ponytail Extension,Ponytails,5499,4,False,False,0,4,43517,Email,Can I return it if it doesn't work for me?,2026-08-16 21:23:00,Not Purchased,0,22,Low,"['Multiple product views', 'Returning customer']",Returns,Consideration,Normal,Explain the applicable return or exchange policy,
OPP_00711,CUST_10404,Rahul Agarwal,Returning,NH006,Hair Topper - Natural Black,Hair Toppers,8499,5,True,False,8499,2,27672,Instagram,Can you help me select the closest shade?,2026-08-20 09:15:00,Not Purchased,0,55,Medium,"['Repeated product views', 'Added product to cart', 'Returning customer']",Color matching,Cart,Normal,Help the shopper choose the closest color match,
OPP_00712,CUST_91048,Karan Singh,New,NH003,Premium Straight Human Hair Extensions,Hair Extensions,8999,7,True,True,8999,0,0,Instagram,The price is a little high. Is there a better price available?,2026-08-05 15:38:00,Purchased,8999,80,High,"['Repeated product views', 'Added product to cart', 'Started checkout']",Price,Checkout,Normal,Address the price concern and share applicable offers,
OPP_00713,CUST_98857,Rahul Shah,Returning,NH001,Natural Black Clip-In Extensions,Hair Extensions,6999,2,False,False,0,3,5089,Instagram,I have dark brown hair. Which shade should I choose?,2026-08-18 04:42:00,Not Purchased,0,10,Low,['Returning customer'],Color matching,Discovery,Normal,Help the shopper choose the closest color match,
OPP_00714,CUST_48517,Shreya Shah,Returning,NH010,Human Hair Wig - Natural Black,Wigs,14999,6,True,False,14999,3,32043,Website Chat,I have added this to my cart. Is anything else needed to complete the order?,2026-08-21 07:32:00,Purchased,14999,65,Medium,"['Repeated product views', 'Added product to cart', 'Returning customer', 'High-value cart']",No clear barrier,Cart,Normal,Nurture the shopper and provide useful product information,
OPP_00715,CUST_81925,Rahul Mehta,Returning,NH010,Human Hair Wig - Natural Black,Wigs,14999,6,True,False,14999,6,37071,Instagram,I need this for a wedding next Saturday. Can it reach me before then?,2026-08-12 08:19:00,Not Purchased,0,65,Medium,"['Repeated product views', 'Added product to cart', 'Returning customer', 'High-value cart']",Delivery,Cart,High,Confirm delivery availability and expected delivery date,
OPP_00716,CUST_13830,Ishita Joshi,New,NH009,Wavy Ponytail Extension,Ponytails,5499,8,True,True,5499,0,0,Instagram,Do you have any offer running right now?,2026-08-06 09:21:00,Purchased,5499,80,High,"['Repeated product views', 'Added product to cart', 'Started checkout']",Price,Checkout,Normal,Address the price concern and share applicable offers,
OPP_00717,CUST_93040,Karan Patel,New,NH005,Invisible Tape Hair Extensions,Hair Extensions,11999,8,True,True,11999,0,0,Email,I want to order this today. How do I proceed?,2026-08-22 13:52:00,Not Purchased,0,90,High,"['Repeated product views', 'Added product to cart', 'Started checkout', 'High-value cart']",No clear barrier,Checkout,High,Follow up with the high-intent shopper,
OPP_00718,CUST_60023,Vikram Agarwal,Returning,NH010,Human Hair Wig - Natural Black,Wigs,14999,5,False,False,0,5,8238,Instagram,Will this match my natural hair color?,2026-08-06 11:05:00,Not Purchased,0,30,Low,"['Repeated product views', 'Returning customer']",Color matching,Consideration,Normal,Help the shopper choose the closest color match,
OPP_00719,CUST_25218,Sanya Joshi,New,NH005,Invisible Tape Hair Extensions,Hair Extensions,11999,3,True,True,11999,0,0,Website Chat,How many days will delivery take to my city?,2026-08-23 02:02:00,Not Purchased,0,82,High,"['Multiple product views', 'Added product to cart', 'Started checkout', 'High-value cart']",Delivery,Checkout,Normal,Confirm delivery availability and expected delivery date,
OPP_00720,CUST_65535,Aditi Iyer,New,NH007,Hair Topper - Brown,Hair Toppers,8999,3,True,True,8999,0,0,Email,Can you confirm if this can be delivered by Friday?,2026-08-22 15:02:00,Not Purchased,0,72,Medium,"['Multiple product views', 'Added product to cart', 'Started checkout']",Delivery,Checkout,High,Confirm delivery availability and expected delivery date,
OPP_00721,CUST_48905,Meera Verma,New,NH003,Premium Straight Human Hair Extensions,Hair Extensions,8999,3,True,True,17998,0,0,Instagram,Is cash on delivery available?,2026-08-15 01:28:00,Purchased,17998,82,High,"['Multiple product views', 'Added product to cart', 'Started checkout', 'High-value cart']",Delivery,Checkout,Normal,Confirm delivery availability and expected delivery date,
OPP_00722,CUST_85231,Karan Malhotra,New,NH005,Invisible Tape Hair Extensions,Hair Extensions,11999,2,True,True,11999,0,0,Website Chat,I have dark brown hair. Which shade should I choose?,2026-08-08 00:11:00,Purchased,11999,70,Medium,"['Added product to cart', 'Started checkout', 'High-value cart']",Color matching,Checkout,Normal,Help the shopper choose the closest color match,
OPP_00723,CUST_39500,Aarav Agarwal,New,NH007,Hair Topper - Brown,Hair Toppers,8999,1,False,False,0,0,0,Website Chat,I'm just exploring your hair extensions. What do you recommend?,2026-08-17 22:15:00,Not Purchased,0,0,Low,[],Product suitability,Discovery,Normal,Recommend the most suitable product for the shopper,
OPP_00724,CUST_54225,Tanya Malhotra,New,NH007,Hair Topper - Brown,Hair Toppers,8999,1,False,False,0,0,0,Instagram,I'm just exploring your hair extensions. What do you recommend?,2026-08-18 14:48:00,Not Purchased,0,0,Low,[],Product suitability,Discovery,Normal,Recommend the most suitable product for the shopper,
OPP_00725,CUST_52391,Sanya Agarwal,New,NH007,Hair Topper - Brown,Hair Toppers,8999,4,True,False,17998,0,0,WhatsApp,Can I return it if it doesn't work for me?,2026-08-11 18:52:00,Purchased,17998,47,Medium,"['Multiple product views', 'Added product to cart', 'High-value cart']",Returns,Cart,Normal,Explain the applicable return or exchange policy,
OPP_00726,CUST_35644,Riya Joshi,New,NH003,Premium Straight Human Hair Extensions,Hair Extensions,8999,5,True,True,8999,0,0,WhatsApp,Can I style and use heat on this hair?,2026-08-19 05:59:00,Purchased,8999,80,High,"['Repeated product views', 'Added product to cart', 'Started checkout']",Product quality,Checkout,Normal,Answer the shopper's product quality questions,
OPP_00727,CUST_72111,Ishita Sharma,New,NH003,Premium Straight Human Hair Extensions,Hair Extensions,8999,8,True,False,8999,0,0,WhatsApp,I have added this to my cart. Is anything else needed to complete the order?,2026-08-16 04:02:00,Purchased,8999,45,Medium,"['Repeated product views', 'Added product to cart']",No clear barrier,Cart,Normal,Nurture the shopper and provide useful product information,
OPP_00728,CUST_41569,Sneha Verma,New,NH006,Hair Topper - Natural Black,Hair Toppers,8499,8,True,False,8499,0,0,Email,I have added this to my cart. Is anything else needed to complete the order?,2026-08-14 22:34:00,Purchased,8499,45,Medium,"['Repeated product views', 'Added product to cart']",No clear barrier,Cart,Normal,Nurture the shopper and provide useful product information,
OPP_00729,CUST_95237,Sneha Kapoor,New,NH003,Premium Straight Human Hair Extensions,Hair Extensions,8999,2,False,False,0,0,0,Instagram,When will this product be back in stock?,2026-08-01 15:20:00,Not Purchased,0,0,Low,[],Availability,Discovery,Normal,Confirm product availability or expected restock,
OPP_00730,CUST_85101,Sanya Verma,New,NH002,Brown Wavy Clip-In Extensions,Hair Extensions,7499,8,True,True,7499,0,0,Email,The price is a little high. Is there a better price available?,2026-08-18 08:03:00,Purchased,7499,80,High,"['Repeated product views', 'Added product to cart', 'Started checkout']",Price,Checkout,Normal,Address the price concern and share applicable offers,
OPP_00731,CUST_80452,Ishita Desai,Returning,NH002,Brown Wavy Clip-In Extensions,Hair Extensions,7499,5,True,True,7499,2,29163,WhatsApp,How long does the hair normally last?,2026-08-14 00:40:00,Purchased,7499,90,High,"['Repeated product views', 'Added product to cart', 'Started checkout', 'Returning customer']",Product quality,Checkout,Normal,Answer the shopper's product quality questions,
OPP_00732,CUST_37192,Neha Mehta,Returning,NH009,Wavy Ponytail Extension,Ponytails,5499,7,True,True,5499,5,36018,Website Chat,I need this for a wedding next Saturday. Can it reach me before then?,2026-08-13 23:57:00,Purchased,5499,90,High,"['Repeated product views', 'Added product to cart', 'Started checkout', 'Returning customer']",Delivery,Checkout,High,Confirm delivery availability and expected delivery date,
OPP_00733,CUST_14588,Ananya Patel,Returning,NH008,Natural Black Ponytail Extension,Ponytails,4999,4,True,True,4999,1,6565,Email,Do you have any offer running right now?,2026-08-23 08:42:00,Purchased,4999,82,High,"['Multiple product views', 'Added product to cart', 'Started checkout', 'Returning customer']",Price,Checkout,Normal,Address the price concern and share applicable offers,
OPP_00734,CUST_78084,Nisha Malhotra,New,NH009,Wavy Ponytail Extension,Ponytails,5499,8,True,True,5499,0,0,Instagram,I want to order this today. How do I proceed?,2026-08-14 12:09:00,Purchased,5499,80,High,"['Repeated product views', 'Added product to cart', 'Started checkout']",No clear barrier,Checkout,High,Follow up with the high-intent shopper,
OPP_00735,CUST_34651,Priya Kapoor,Returning,NH008,Natural Black Ponytail Extension,Ponytails,4999,6,True,True,4999,5,27076,Website Chat,Is cash on delivery available?,2026-08-15 01:51:00,Purchased,4999,90,High,"['Repeated product views', 'Added product to cart', 'Started checkout', 'Returning customer']",Delivery,Checkout,Normal,Confirm delivery availability and expected delivery date,
OPP_00736,CUST_82069,Simran Kapoor,New,NH009,Wavy Ponytail Extension,Ponytails,5499,3,False,False,0,0,0,Instagram,I'm not sure which type would suit my hair. Can you help?,2026-08-21 22:31:00,Not Purchased,0,12,Low,['Multiple product views'],Product suitability,Consideration,Normal,Recommend the most suitable product for the shopper,
OPP_00737,CUST_19248,Simran Malhotra,New,NH003,Premium Straight Human Hair Extensions,Hair Extensions,8999,5,True,True,8999,0,0,Website Chat,Can you confirm if this can be delivered by Friday?,2026-08-09 20:14:00,Purchased,8999,80,High,"['Repeated product views', 'Added product to cart', 'Started checkout']",Delivery,Checkout,High,Confirm delivery availability and expected delivery date,
OPP_00738,CUST_66836,Sneha Sharma,New,NH010,Human Hair Wig - Natural Black,Wigs,14999,1,False,False,0,0,0,Website Chat,What types of hair extensions do you have?,2026-08-07 12:31:00,Not Purchased,0,0,Low,[],No clear barrier,Discovery,Normal,No immediate action required,
OPP_00739,CUST_45815,Priya Agarwal,New,NH002,Brown Wavy Clip-In Extensions,Hair Extensions,7499,5,True,False,7499,0,0,Website Chat,I have dark brown hair. Which shade should I choose?,2026-08-01 14:23:00,Not Purchased,0,45,Medium,"['Repeated product views', 'Added product to cart']",Color matching,Cart,Normal,Help the shopper choose the closest color match,
OPP_00740,CUST_50180,Sanya Agarwal,New,NH002,Brown Wavy Clip-In Extensions,Hair Extensions,7499,6,True,False,7499,0,0,Instagram,I want to order this today. How do I proceed?,2026-08-13 09:52:00,Purchased,7499,45,Medium,"['Repeated product views', 'Added product to cart']",No clear barrier,Cart,High,Nurture the shopper and provide useful product information,
OPP_00741,CUST_61060,Ishita Joshi,Returning,NH006,Hair Topper - Natural Black,Hair Toppers,8499,2,False,False,0,3,40145,Instagram,Will this work for short hair?,2026-08-14 20:28:00,Not Purchased,0,10,Low,['Returning customer'],No clear barrier,Discovery,Normal,No immediate action required,
OPP_00742,CUST_84391,Simran Sharma,New,NH003,Premium Straight Human Hair Extensions,Hair Extensions,8999,3,False,False,0,0,0,Email,Can you help me select the closest shade?,2026-08-19 01:38:00,Not Purchased,0,12,Low,['Multiple product views'],Color matching,Consideration,Normal,Help the shopper choose the closest color match,
OPP_00743,CUST_46152,Tanya Singh,New,NH004,Luxury Wavy Human Hair Extensions,Hair Extensions,10999,5,True,False,21998,0,0,Website Chat,When will this product be back in stock?,2026-08-15 20:08:00,Not Purchased,0,55,Medium,"['Repeated product views', 'Added product to cart', 'High-value cart']",Availability,Cart,Normal,Confirm product availability or expected restock,
OPP_00744,CUST_17525,Ananya Rao,Returning,NH002,Brown Wavy Clip-In Extensions,Hair Extensions,7499,1,True,False,7499,4,24495,Email,Can you tell me more about your products?,2026-08-22 12:40:00,Purchased,7499,35,Low,"['Added product to cart', 'Returning customer']",No clear barrier,Cart,Normal,No immediate action required,
OPP_00745,CUST_90777,Kavya Agarwal,Returning,NH008,Natural Black Ponytail Extension,Ponytails,4999,3,True,False,4999,1,31786,WhatsApp,Can you help me select the closest shade?,2026-08-11 01:05:00,Purchased,4999,47,Medium,"['Multiple product views', 'Added product to cart', 'Returning customer']",Color matching,Cart,Normal,Help the shopper choose the closest color match,
OPP_00746,CUST_58110,Priya Singh,Returning,NH009,Wavy Ponytail Extension,Ponytails,5499,2,True,False,5499,2,38610,Email,Will this match my natural hair color?,2026-08-10 23:51:00,Purchased,5499,35,Low,"['Added product to cart', 'Returning customer']",Color matching,Cart,Normal,Help the shopper choose the closest color match,
OPP_00747,CUST_73324,Nisha Kapoor,New,NH008,Natural Black Ponytail Extension,Ponytails,4999,2,True,False,4999,0,0,Website Chat,Is this shade currently available?,2026-08-18 04:03:00,Purchased,4999,25,Low,['Added product to cart'],Color matching,Cart,Normal,Help the shopper choose the closest color match,
OPP_00748,CUST_90969,Karan Sharma,New,NH010,Human Hair Wig - Natural Black,Wigs,14999,8,True,True,14999,0,0,Email,I bought from you before. Do you have the same shade again?,2026-08-15 09:09:00,Not Purchased,0,90,High,"['Repeated product views', 'Added product to cart', 'Started checkout', 'High-value cart']",Color matching,Checkout,Normal,Help the shopper choose the closest color match,
OPP_00749,CUST_23282,Tanya Verma,New,NH008,Natural Black Ponytail Extension,Ponytails,4999,2,True,False,9998,0,0,Website Chat,Which one would be best for thin hair?,2026-08-13 09:57:00,Not Purchased,0,25,Low,['Added product to cart'],Product suitability,Cart,Normal,Recommend the most suitable product for the shopper,
OPP_00750,CUST_61820,Pooja Kapoor,Returning,NH009,Wavy Ponytail Extension,Ponytails,5499,3,True,True,5499,4,12116,Email,I loved my previous order. Which product is closest to it?,2026-08-21 16:15:00,Purchased,5499,82,High,"['Multiple product views', 'Added product to cart', 'Started checkout', 'Returning customer']",Product suitability,Checkout,Normal,Recommend the most suitable product for the shopper,
OPP_00751,CUST_28333,Pooja Rao,New,NH003,Premium Straight Human Hair Extensions,Hair Extensions,8999,5,False,False,0,0,0,Instagram,Which one would be best for thin hair?,2026-08-09 13:11:00,Not Purchased,0,20,Low,['Repeated product views'],Product suitability,Consideration,Normal,Recommend the most suitable product for the shopper,
OPP_00752,CUST_36082,Karan Malhotra,New,NH004,Luxury Wavy Human Hair Extensions,Hair Extensions,10999,3,True,False,10999,0,0,Email,Which one would be best for thin hair?,2026-08-10 22:58:00,Purchased,10999,47,Medium,"['Multiple product views', 'Added product to cart', 'High-value cart']",Product suitability,Cart,Normal,Recommend the most suitable product for the shopper,
OPP_00753,CUST_62412,Arjun Rao,New,NH008,Natural Black Ponytail Extension,Ponytails,4999,1,False,False,0,0,0,Instagram,What types of hair extensions do you have?,2026-08-03 20:55:00,Not Purchased,0,0,Low,[],No clear barrier,Discovery,Normal,No immediate action required,
OPP_00754,CUST_98907,Aditi Desai,Returning,NH002,Brown Wavy Clip-In Extensions,Hair Extensions,7499,2,False,False,0,2,14193,WhatsApp,Will this work for short hair?,2026-08-12 07:14:00,Not Purchased,0,10,Low,['Returning customer'],No clear barrier,Discovery,Normal,No immediate action required,
OPP_00755,CUST_34492,Meera Kapoor,New,NH005,Invisible Tape Hair Extensions,Hair Extensions,11999,6,True,True,11999,0,0,WhatsApp,How many days will delivery take to my city?,2026-08-17 07:48:00,Purchased,11999,90,High,"['Repeated product views', 'Added product to cart', 'Started checkout', 'High-value cart']",Delivery,Checkout,Normal,Confirm delivery availability and expected delivery date,
OPP_00756,CUST_75841,Shreya Mehta,New,NH004,Luxury Wavy Human Hair Extensions,Hair Extensions,10999,5,False,False,0,0,0,Website Chat,Do you have this in natural black right now?,2026-08-15 16:28:00,Not Purchased,0,20,Low,['Repeated product views'],No clear barrier,Consideration,Normal,No immediate action required,
OPP_00757,CUST_65876,Riya Gupta,New,NH003,Premium Straight Human Hair Extensions,Hair Extensions,8999,3,True,True,8999,0,0,Website Chat,Is there any discount available on this?,2026-08-21 01:03:00,Not Purchased,0,72,Medium,"['Multiple product views', 'Added product to cart', 'Started checkout']",Price,Checkout,Normal,Address the price concern and share applicable offers,
OPP_00758,CUST_94393,Aarav Kapoor,New,NH001,Natural Black Clip-In Extensions,Hair Extensions,6999,3,True,True,6999,0,0,WhatsApp,Can I return it if it doesn't work for me?,2026-08-09 15:33:00,Purchased,6999,72,Medium,"['Multiple product views', 'Added product to cart', 'Started checkout']",Returns,Checkout,Normal,Explain the applicable return or exchange policy,
OPP_00759,CUST_71873,Simran Gupta,Returning,NH005,Invisible Tape Hair Extensions,Hair Extensions,11999,2,True,True,11999,6,31398,WhatsApp,Will this work for short hair?,2026-08-05 13:56:00,Purchased,11999,80,High,"['Added product to cart', 'Started checkout', 'Returning customer', 'High-value cart']",No clear barrier,Checkout,Normal,Follow up with the high-intent shopper,
OPP_00760,CUST_27079,Aditi Joshi,Returning,NH005,Invisible Tape Hair Extensions,Hair Extensions,11999,2,False,False,0,3,25907,Email,I'm not sure which type would suit my hair. Can you help?,2026-08-19 02:19:00,Not Purchased,0,10,Low,['Returning customer'],Product suitability,Discovery,Normal,Recommend the most suitable product for the shopper,
OPP_00761,CUST_88883,Neha Sharma,New,NH010,Human Hair Wig - Natural Black,Wigs,14999,4,True,True,14999,0,0,Website Chat,Is this shade currently available?,2026-08-17 09:50:00,Purchased,14999,82,High,"['Multiple product views', 'Added product to cart', 'Started checkout', 'High-value cart']",Color matching,Checkout,Normal,Help the shopper choose the closest color match,
OPP_00762,CUST_36476,Vikram Rao,Returning,NH008,Natural Black Ponytail Extension,Ponytails,4999,4,False,False,0,1,39820,Website Chat,Is cash on delivery available?,2026-08-04 06:48:00,Not Purchased,0,22,Low,"['Multiple product views', 'Returning customer']",Delivery,Consideration,Normal,Confirm delivery availability and expected delivery date,
OPP_00763,CUST_25391,Tanya Patel,New,NH004,Luxury Wavy Human Hair Extensions,Hair Extensions,10999,2,False,False,0,0,0,Instagram,I'm just exploring your hair extensions. What do you recommend?,2026-08-13 07:02:00,Not Purchased,0,0,Low,[],Product suitability,Discovery,Normal,Recommend the most suitable product for the shopper,
OPP_00764,CUST_34928,Sneha Verma,Returning,NH009,Wavy Ponytail Extension,Ponytails,5499,3,True,False,5499,2,43266,WhatsApp,Which one would be best for thin hair?,2026-08-11 08:04:00,Not Purchased,0,47,Medium,"['Multiple product views', 'Added product to cart', 'Returning customer']",Product suitability,Cart,Normal,Recommend the most suitable product for the shopper,
OPP_00765,CUST_10471,Ishita Gupta,New,NH009,Wavy Ponytail Extension,Ponytails,5499,2,False,False,0,0,0,Website Chat,Can you tell me more about your products?,2026-08-17 05:30:00,Not Purchased,0,0,Low,[],No clear barrier,Discovery,Normal,No immediate action required,
OPP_00766,CUST_82371,Neha Mehta,Returning,NH001,Natural Black Clip-In Extensions,Hair Extensions,6999,6,True,False,6999,5,33847,Website Chat,Is this real human hair?,2026-08-13 12:23:00,Not Purchased,0,55,Medium,"['Repeated product views', 'Added product to cart', 'Returning customer']",Product quality,Cart,Normal,Answer the shopper's product quality questions,
OPP_00767,CUST_16752,Meera Agarwal,New,NH004,Luxury Wavy Human Hair Extensions,Hair Extensions,10999,4,False,False,0,0,0,Website Chat,Can you help me select the closest shade?,2026-08-04 00:27:00,Not Purchased,0,12,Low,['Multiple product views'],Color matching,Consideration,Normal,Help the shopper choose the closest color match,
OPP_00768,CUST_63522,Shreya Kapoor,New,NH001,Natural Black Clip-In Extensions,Hair Extensions,6999,4,True,False,6999,0,0,Email,Will this match my natural hair color?,2026-08-15 14:51:00,Not Purchased,0,37,Low,"['Multiple product views', 'Added product to cart']",Color matching,Cart,Normal,Help the shopper choose the closest color match,
OPP_00769,CUST_60067,Simran Agarwal,Returning,NH001,Natural Black Clip-In Extensions,Hair Extensions,6999,3,True,True,6999,2,22329,Website Chat,Do you have any offer running right now?,2026-08-06 09:29:00,Not Purchased,0,82,High,"['Multiple product views', 'Added product to cart', 'Started checkout', 'Returning customer']",Price,Checkout,Normal,Address the price concern and share applicable offers,"{'type': 'Percentage discount', 'value': 5, 'description': '5% off the current cart'}"
OPP_00770,CUST_72784,Ananya Verma,New,NH006,Hair Topper - Natural Black,Hair Toppers,8499,5,True,True,16998,0,0,Website Chat,Can I pay using UPI?,2026-08-05 14:02:00,Purchased,16998,90,High,"['Repeated product views', 'Added product to cart', 'Started checkout', 'High-value cart']",Payment,Checkout,Normal,Explain available payment options,
OPP_00771,CUST_31354,Ishita Agarwal,New,NH003,Premium Straight Human Hair Extensions,Hair Extensions,8999,3,False,False,0,0,0,Instagram,Can I style and use heat on this hair?,2026-08-15 04:57:00,Purchased,0,12,Low,['Multiple product views'],Product quality,Consideration,Normal,Answer the shopper's product quality questions,
OPP_00772,CUST_79045,Priya Rao,New,NH004,Luxury Wavy Human Hair Extensions,Hair Extensions,10999,4,True,True,21998,0,0,WhatsApp,Can you confirm if this can be delivered by Friday?,2026-08-03 15:27:00,Purchased,21998,82,High,"['Multiple product views', 'Added product to cart', 'Started checkout', 'High-value cart']",Delivery,Checkout,High,Confirm delivery availability and expected delivery date,
OPP_00773,CUST_20957,Simran Mehta,New,NH007,Hair Topper - Brown,Hair Toppers,8999,3,True,False,8999,0,0,WhatsApp,I need this for a wedding next Saturday. Can it reach me before then?,2026-08-23 03:59:00,Purchased,8999,37,Low,"['Multiple product views', 'Added product to cart']",Delivery,Cart,High,Confirm delivery availability and expected delivery date,
OPP_00774,CUST_83774,Rahul Agarwal,New,NH002,Brown Wavy Clip-In Extensions,Hair Extensions,7499,1,False,False,0,0,0,Website Chat,I'm just exploring your hair extensions. What do you recommend?,2026-08-08 22:10:00,Not Purchased,0,0,Low,[],Product suitability,Discovery,Normal,Recommend the most suitable product for the shopper,
OPP_00775,CUST_15836,Neha Singh,New,NH008,Natural Black Ponytail Extension,Ponytails,4999,8,True,True,4999,0,0,Email,I need this for a wedding next Saturday. Can it reach me before then?,2026-08-13 00:22:00,Purchased,4999,80,High,"['Repeated product views', 'Added product to cart', 'Started checkout']",Delivery,Checkout,High,Confirm delivery availability and expected delivery date,
OPP_00776,CUST_95899,Nisha Shah,New,NH007,Hair Topper - Brown,Hair Toppers,8999,3,True,True,17998,0,0,Instagram,I've purchased from you before. Is this the same quality?,2026-08-21 11:54:00,Purchased,17998,82,High,"['Multiple product views', 'Added product to cart', 'Started checkout', 'High-value cart']",Product quality,Checkout,Normal,Answer the shopper's product quality questions,
OPP_00777,CUST_90700,Aditi Patel,New,NH002,Brown Wavy Clip-In Extensions,Hair Extensions,7499,4,True,True,7499,0,0,Email,I want to order this today. How do I proceed?,2026-08-21 18:06:00,Purchased,7499,72,Medium,"['Multiple product views', 'Added product to cart', 'Started checkout']",No clear barrier,Checkout,High,Nurture the shopper and provide useful product information,
OPP_00778,CUST_29689,Nisha Gupta,New,NH001,Natural Black Clip-In Extensions,Hair Extensions,6999,7,True,True,6999,0,0,Email,Do you have any offer running right now?,2026-08-21 07:05:00,Purchased,6999,80,High,"['Repeated product views', 'Added product to cart', 'Started checkout']",Price,Checkout,Normal,Address the price concern and share applicable offers,
OPP_00779,CUST_20009,Riya Agarwal,New,NH002,Brown Wavy Clip-In Extensions,Hair Extensions,7499,4,False,False,0,0,0,Website Chat,Can I style and use heat on this hair?,2026-08-04 17:03:00,Not Purchased,0,12,Low,['Multiple product views'],Product quality,Consideration,Normal,Answer the shopper's product quality questions,
OPP_00780,CUST_66027,Simran Mehta,New,NH006,Hair Topper - Natural Black,Hair Toppers,8499,5,False,False,0,0,0,WhatsApp,How long does the hair normally last?,2026-08-04 06:39:00,Purchased,0,20,Low,['Repeated product views'],Product quality,Consideration,Normal,Answer the shopper's product quality questions,
OPP_00781,CUST_93440,Aditi Mehta,Returning,NH003,Premium Straight Human Hair Extensions,Hair Extensions,8999,5,False,False,0,3,24926,Website Chat,How long does the hair normally last?,2026-08-10 21:38:00,Not Purchased,0,30,Low,"['Repeated product views', 'Returning customer']",Product quality,Consideration,Normal,Answer the shopper's product quality questions,
OPP_00782,CUST_65291,Arjun Gupta,New,NH009,Wavy Ponytail Extension,Ponytails,5499,6,True,True,5499,0,0,Website Chat,What is your return policy if the shade doesn't match?,2026-08-06 17:26:00,Purchased,5499,80,High,"['Repeated product views', 'Added product to cart', 'Started checkout']",Color matching,Checkout,Normal,Help the shopper choose the closest color match,
OPP_00783,CUST_24438,Aarav Joshi,New,NH006,Hair Topper - Natural Black,Hair Toppers,8499,3,True,True,16998,0,0,Email,I want to order this today. How do I proceed?,2026-08-08 01:56:00,Not Purchased,0,82,High,"['Multiple product views', 'Added product to cart', 'Started checkout', 'High-value cart']",No clear barrier,Checkout,High,Follow up with the high-intent shopper,
OPP_00784,CUST_17322,Priya Patel,New,NH008,Natural Black Ponytail Extension,Ponytails,4999,2,False,False,0,0,0,Website Chat,I'm just exploring your hair extensions. What do you recommend?,2026-08-18 01:21:00,Not Purchased,0,0,Low,[],Product suitability,Discovery,Normal,Recommend the most suitable product for the shopper,
OPP_00785,CUST_87847,Ishita Sharma,Returning,NH001,Natural Black Clip-In Extensions,Hair Extensions,6999,3,True,True,6999,4,28358,Website Chat,How many days will delivery take to my city?,2026-08-04 14:09:00,Purchased,6999,82,High,"['Multiple product views', 'Added product to cart', 'Started checkout', 'Returning customer']",Delivery,Checkout,Normal,Confirm delivery availability and expected delivery date,
OPP_00786,CUST_28364,Arjun Rao,New,NH002,Brown Wavy Clip-In Extensions,Hair Extensions,7499,6,True,True,7499,0,0,Email,How many days will delivery take to my city?,2026-08-10 17:44:00,Purchased,7499,80,High,"['Repeated product views', 'Added product to cart', 'Started checkout']",Delivery,Checkout,Normal,Confirm delivery availability and expected delivery date,
OPP_00787,CUST_32751,Arjun Mehta,New,NH006,Hair Topper - Natural Black,Hair Toppers,8499,2,True,True,8499,0,0,WhatsApp,I have dark brown hair. Which shade should I choose?,2026-08-20 07:45:00,Purchased,8499,60,Medium,"['Added product to cart', 'Started checkout']",Color matching,Checkout,Normal,Help the shopper choose the closest color match,
OPP_00788,CUST_75781,Nisha Rao,New,NH007,Hair Topper - Brown,Hair Toppers,8999,7,True,True,8999,0,0,Website Chat,I loved my previous order. Which product is closest to it?,2026-08-22 13:41:00,Not Purchased,0,80,High,"['Repeated product views', 'Added product to cart', 'Started checkout']",Product suitability,Checkout,Normal,Recommend the most suitable product for the shopper,
OPP_00789,CUST_62481,Shreya Sharma,New,NH003,Premium Straight Human Hair Extensions,Hair Extensions,8999,6,True,False,8999,0,0,Website Chat,How many days will delivery take to my city?,2026-08-05 13:19:00,Not Purchased,0,45,Medium,"['Repeated product views', 'Added product to cart']",Delivery,Cart,Normal,Confirm delivery availability and expected delivery date,
OPP_00790,CUST_63097,Sneha Mehta,New,NH009,Wavy Ponytail Extension,Ponytails,5499,8,True,True,5499,0,0,WhatsApp,How many days will delivery take to my city?,2026-08-16 02:09:00,Purchased,5499,80,High,"['Repeated product views', 'Added product to cart', 'Started checkout']",Delivery,Checkout,Normal,Confirm delivery availability and expected delivery date,
OPP_00791,CUST_46989,Ishita Singh,New,NH007,Hair Topper - Brown,Hair Toppers,8999,3,True,True,8999,0,0,WhatsApp,I need this for a wedding next Saturday. Can it reach me before then?,2026-08-06 04:43:00,Purchased,8999,72,Medium,"['Multiple product views', 'Added product to cart', 'Started checkout']",Delivery,Checkout,High,Confirm delivery availability and expected delivery date,
OPP_00792,CUST_21146,Sanya Gupta,New,NH010,Human Hair Wig - Natural Black,Wigs,14999,4,True,True,14999,0,0,WhatsApp,I've purchased from you before. Is this the same quality?,2026-08-23 19:45:00,Purchased,14999,82,High,"['Multiple product views', 'Added product to cart', 'Started checkout', 'High-value cart']",Product quality,Checkout,Normal,Answer the shopper's product quality questions,
OPP_00793,CUST_75564,Kavya Joshi,New,NH008,Natural Black Ponytail Extension,Ponytails,4999,4,True,True,4999,0,0,Instagram,I'm not sure which type would suit my hair. Can you help?,2026-08-09 11:20:00,Not Purchased,0,72,Medium,"['Multiple product views', 'Added product to cart', 'Started checkout']",Product suitability,Checkout,Normal,Recommend the most suitable product for the shopper,
OPP_00794,CUST_60084,Karan Gupta,Returning,NH003,Premium Straight Human Hair Extensions,Hair Extensions,8999,6,True,False,8999,1,25713,WhatsApp,When will this product be back in stock?,2026-08-05 01:02:00,Purchased,8999,55,Medium,"['Repeated product views', 'Added product to cart', 'Returning customer']",Availability,Cart,Normal,Confirm product availability or expected restock,
OPP_00795,CUST_31108,Arjun Singh,Returning,NH003,Premium Straight Human Hair Extensions,Hair Extensions,8999,4,True,False,8999,1,10113,Email,Can I place the order now?,2026-08-19 05:54:00,Not Purchased,0,47,Medium,"['Multiple product views', 'Added product to cart', 'Returning customer']",No clear barrier,Cart,Normal,Nurture the shopper and provide useful product information,
OPP_00796,CUST_90004,Shreya Patel,New,NH003,Premium Straight Human Hair Extensions,Hair Extensions,8999,5,True,False,17998,0,0,Website Chat,Do you have this in natural black right now?,2026-08-15 15:51:00,Purchased,17998,55,Medium,"['Repeated product views', 'Added product to cart', 'High-value cart']",No clear barrier,Cart,Normal,Nurture the shopper and provide useful product information,
OPP_00797,CUST_69612,Aditi Mehta,New,NH008,Natural Black Ponytail Extension,Ponytails,4999,5,True,True,4999,0,0,Email,I need this for a wedding next Saturday. Can it reach me before then?,2026-08-02 22:13:00,Purchased,4999,80,High,"['Repeated product views', 'Added product to cart', 'Started checkout']",Delivery,Checkout,High,Confirm delivery availability and expected delivery date,
OPP_00798,CUST_43557,Rahul Malhotra,New,NH005,Invisible Tape Hair Extensions,Hair Extensions,11999,2,True,False,11999,0,0,Website Chat,Which one would be best for thin hair?,2026-08-23 11:40:00,Not Purchased,0,35,Low,"['Added product to cart', 'High-value cart']",Product suitability,Cart,Normal,Recommend the most suitable product for the shopper,
OPP_00799,CUST_77171,Shreya Joshi,New,NH010,Human Hair Wig - Natural Black,Wigs,14999,4,True,False,14999,0,0,Email,Is this shade currently available?,2026-08-16 21:34:00,Purchased,14999,47,Medium,"['Multiple product views', 'Added product to cart', 'High-value cart']",Color matching,Cart,Normal,Help the shopper choose the closest color match,
OPP_00800,CUST_42088,Vikram Sharma,New,NH007,Hair Topper - Brown,Hair Toppers,8999,2,False,False,0,0,0,Website Chat,Which one would be best for thin hair?,2026-08-07 23:44:00,Not Purchased,0,0,Low,[],Product suitability,Discovery,Normal,Recommend the most suitable product for the shopper,
OPP_00801,CUST_71405,Vikram Agarwal,New,NH007,Hair Topper - Brown,Hair Toppers,8999,2,True,False,8999,0,0,Instagram,Is this shade currently available?,2026-08-03 07:52:00,Not Purchased,0,25,Low,['Added product to cart'],Color matching,Cart,Normal,Help the shopper choose the closest color match,
OPP_00802,CUST_73739,Kavya Rao,Returning,NH003,Premium Straight Human Hair Extensions,Hair Extensions,8999,5,True,True,8999,4,32384,Instagram,Is there any discount available on this?,2026-08-07 17:01:00,Not Purchased,0,90,High,"['Repeated product views', 'Added product to cart', 'Started checkout', 'Returning customer']",Price,Checkout,Normal,Address the price concern and share applicable offers,"{'type': 'Percentage discount', 'value': 10, 'description': '10% off, up to ₹1,500'}"
OPP_00803,CUST_14105,Shreya Iyer,New,NH008,Natural Black Ponytail Extension,Ponytails,4999,6,True,True,4999,0,0,Instagram,Is there any discount available on this?,2026-08-22 16:25:00,Purchased,4999,80,High,"['Repeated product views', 'Added product to cart', 'Started checkout']",Price,Checkout,Normal,Address the price concern and share applicable offers,
OPP_00804,CUST_93320,Ishita Patel,Returning,NH006,Hair Topper - Natural Black,Hair Toppers,8499,3,True,False,16998,4,17986,Website Chat,I need this for a wedding next Saturday. Can it reach me before then?,2026-08-07 14:35:00,Purchased,16998,57,Medium,"['Multiple product views', 'Added product to cart', 'Returning customer', 'High-value cart']",Delivery,Cart,High,Confirm delivery availability and expected delivery date,
OPP_00805,CUST_44006,Ishita Agarwal,New,NH007,Hair Topper - Brown,Hair Toppers,8999,6,True,False,8999,0,0,WhatsApp,I bought from you before. Do you have the same shade again?,2026-08-21 17:45:00,Not Purchased,0,45,Medium,"['Repeated product views', 'Added product to cart']",Color matching,Cart,Normal,Help the shopper choose the closest color match,
OPP_00806,CUST_73127,Karan Singh,New,NH007,Hair Topper - Brown,Hair Toppers,8999,1,False,False,0,0,0,Website Chat,Can you tell me more about your products?,2026-08-11 07:32:00,Not Purchased,0,0,Low,[],No clear barrier,Discovery,Normal,No immediate action required,
OPP_00807,CUST_51486,Riya Mehta,Returning,NH006,Hair Topper - Natural Black,Hair Toppers,8499,1,True,False,8499,5,29502,Instagram,What types of hair extensions do you have?,2026-08-12 17:45:00,Purchased,8499,35,Low,"['Added product to cart', 'Returning customer']",No clear barrier,Cart,Normal,No immediate action required,
OPP_00808,CUST_26478,Rahul Malhotra,New,NH006,Hair Topper - Natural Black,Hair Toppers,8499,6,True,True,8499,0,0,WhatsApp,I want to order this today. How do I proceed?,2026-08-06 08:23:00,Not Purchased,0,80,High,"['Repeated product views', 'Added product to cart', 'Started checkout']",No clear barrier,Checkout,High,Follow up with the high-intent shopper,
OPP_00809,CUST_99080,Sanya Sharma,New,NH004,Luxury Wavy Human Hair Extensions,Hair Extensions,10999,3,True,True,10999,0,0,Email,Can I return it if it doesn't work for me?,2026-08-01 17:50:00,Not Purchased,0,82,High,"['Multiple product views', 'Added product to cart', 'Started checkout', 'High-value cart']",Returns,Checkout,Normal,Explain the applicable return or exchange policy,
OPP_00810,CUST_54017,Neha Mehta,Returning,NH005,Invisible Tape Hair Extensions,Hair Extensions,11999,5,True,True,23998,5,12175,Instagram,I have dark brown hair. Which shade should I choose?,2026-08-09 20:46:00,Purchased,23998,100,High,"['Repeated product views', 'Added product to cart', 'Started checkout', 'Returning customer', 'High-value cart']",Color matching,Checkout,Normal,Help the shopper choose the closest color match,
OPP_00811,CUST_91313,Neha Patel,New,NH003,Premium Straight Human Hair Extensions,Hair Extensions,8999,6,True,True,17998,0,0,WhatsApp,Is there any discount available on this?,2026-08-16 03:46:00,Purchased,17998,90,High,"['Repeated product views', 'Added product to cart', 'Started checkout', 'High-value cart']",Price,Checkout,Normal,Address the price concern and share applicable offers,
OPP_00812,CUST_81399,Neha Malhotra,New,NH001,Natural Black Clip-In Extensions,Hair Extensions,6999,5,False,False,0,0,0,Instagram,Do you have this in natural black right now?,2026-08-14 14:25:00,Not Purchased,0,20,Low,['Repeated product views'],No clear barrier,Consideration,Normal,No immediate action required,
OPP_00813,CUST_59948,Neha Shah,New,NH001,Natural Black Clip-In Extensions,Hair Extensions,6999,1,False,False,0,0,0,Instagram,What types of hair extensions do you have?,2026-08-09 08:28:00,Not Purchased,0,0,Low,[],No clear barrier,Discovery,Normal,No immediate action required,
OPP_00814,CUST_45076,Simran Kapoor,New,NH008,Natural Black Ponytail Extension,Ponytails,4999,2,True,False,4999,0,0,Instagram,Can you tell me more about your products?,2026-08-06 20:55:00,Not Purchased,0,25,Low,['Added product to cart'],No clear barrier,Cart,Normal,No immediate action required,
OPP_00815,CUST_84997,Tanya Shah,Returning,NH001,Natural Black Clip-In Extensions,Hair Extensions,6999,4,True,False,6999,4,6141,Instagram,I need this for a wedding next Saturday. Can it reach me before then?,2026-08-15 09:33:00,Purchased,6999,47,Medium,"['Multiple product views', 'Added product to cart', 'Returning customer']",Delivery,Cart,High,Confirm delivery availability and expected delivery date,
OPP_00816,CUST_51697,Arjun Mehta,Returning,NH007,Hair Topper - Brown,Hair Toppers,8999,8,True,True,8999,5,32121,Instagram,Is there any discount available on this?,2026-08-03 15:22:00,Purchased,8999,90,High,"['Repeated product views', 'Added product to cart', 'Started checkout', 'Returning customer']",Price,Checkout,Normal,Address the price concern and share applicable offers,
OPP_00817,CUST_44108,Vikram Mehta,New,NH003,Premium Straight Human Hair Extensions,Hair Extensions,8999,5,False,False,0,0,0,Email,Will this match my natural hair color?,2026-08-03 11:55:00,Not Purchased,0,20,Low,['Repeated product views'],Color matching,Consideration,Normal,Help the shopper choose the closest color match,
OPP_00818,CUST_13314,Priya Verma,New,NH002,Brown Wavy Clip-In Extensions,Hair Extensions,7499,7,True,True,7499,0,0,Email,I need this for a wedding next Saturday. Can it reach me before then?,2026-08-06 19:55:00,Purchased,7499,80,High,"['Repeated product views', 'Added product to cart', 'Started checkout']",Delivery,Checkout,High,Confirm delivery availability and expected delivery date,
OPP_00819,CUST_59559,Simran Malhotra,New,NH004,Luxury Wavy Human Hair Extensions,Hair Extensions,10999,3,False,False,0,0,0,WhatsApp,Can I return it if it doesn't work for me?,2026-08-03 06:18:00,Not Purchased,0,12,Low,['Multiple product views'],Returns,Consideration,Normal,Explain the applicable return or exchange policy,
OPP_00820,CUST_88105,Neha Patel,New,NH003,Premium Straight Human Hair Extensions,Hair Extensions,8999,6,False,False,0,0,0,Website Chat,I have dark brown hair. Which shade should I choose?,2026-08-07 08:05:00,Purchased,0,20,Low,['Repeated product views'],Color matching,Consideration,Normal,Help the shopper choose the closest color match,
OPP_00821,CUST_23195,Karan Iyer,New,NH003,Premium Straight Human Hair Extensions,Hair Extensions,8999,4,False,False,0,0,0,WhatsApp,How long does the hair normally last?,2026-08-03 01:10:00,Purchased,0,12,Low,['Multiple product views'],Product quality,Consideration,Normal,Answer the shopper's product quality questions,
OPP_00822,CUST_69097,Ishita Mehta,Returning,NH008,Natural Black Ponytail Extension,Ponytails,4999,5,False,False,0,1,17781,Email,Will this match my natural hair color?,2026-08-21 22:30:00,Not Purchased,0,30,Low,"['Repeated product views', 'Returning customer']",Color matching,Consideration,Normal,Help the shopper choose the closest color match,
OPP_00823,CUST_90478,Shreya Singh,New,NH003,Premium Straight Human Hair Extensions,Hair Extensions,8999,2,True,True,8999,0,0,WhatsApp,Will this match my natural hair color?,2026-08-13 05:56:00,Purchased,8999,60,Medium,"['Added product to cart', 'Started checkout']",Color matching,Checkout,Normal,Help the shopper choose the closest color match,
OPP_00824,CUST_57826,Neha Shah,Returning,NH005,Invisible Tape Hair Extensions,Hair Extensions,11999,3,True,True,11999,2,43722,WhatsApp,How many days will delivery take to my city?,2026-08-04 12:40:00,Purchased,11999,92,High,"['Multiple product views', 'Added product to cart', 'Started checkout', 'Returning customer', 'High-value cart']",Delivery,Checkout,Normal,Confirm delivery availability and expected delivery date,
OPP_00825,CUST_82285,Nisha Verma,New,NH004,Luxury Wavy Human Hair Extensions,Hair Extensions,10999,3,True,False,10999,0,0,Instagram,I have dark brown hair. Which shade should I choose?,2026-08-13 00:58:00,Not Purchased,0,47,Medium,"['Multiple product views', 'Added product to cart', 'High-value cart']",Color matching,Cart,Normal,Help the shopper choose the closest color match,
OPP_00826,CUST_87015,Nisha Mehta,Returning,NH007,Hair Topper - Brown,Hair Toppers,8999,8,True,True,17998,3,15335,Website Chat,The price is a little high. Is there a better price available?,2026-08-12 11:25:00,Purchased,17998,100,High,"['Repeated product views', 'Added product to cart', 'Started checkout', 'Returning customer', 'High-value cart']",Price,Checkout,Normal,Address the price concern and share applicable offers,
OPP_00827,CUST_66270,Kavya Gupta,Returning,NH007,Hair Topper - Brown,Hair Toppers,8999,2,False,False,0,4,43081,Email,I'm just exploring your hair extensions. What do you recommend?,2026-08-21 19:22:00,Not Purchased,0,10,Low,['Returning customer'],Product suitability,Discovery,Normal,Recommend the most suitable product for the shopper,
OPP_00828,CUST_94554,Arjun Joshi,New,NH002,Brown Wavy Clip-In Extensions,Hair Extensions,7499,7,True,True,14998,0,0,Instagram,I bought from you before. Do you have the same shade again?,2026-08-03 23:36:00,Purchased,14998,90,High,"['Repeated product views', 'Added product to cart', 'Started checkout', 'High-value cart']",Color matching,Checkout,Normal,Help the shopper choose the closest color match,
OPP_00829,CUST_26030,Riya Joshi,Returning,NH003,Premium Straight Human Hair Extensions,Hair Extensions,8999,2,True,True,8999,4,16184,WhatsApp,I'm not sure which type would suit my hair. Can you help?,2026-08-08 20:36:00,Not Purchased,0,70,Medium,"['Added product to cart', 'Started checkout', 'Returning customer']",Product suitability,Checkout,Normal,Recommend the most suitable product for the shopper,
OPP_00830,CUST_88879,Kavya Singh,New,NH004,Luxury Wavy Human Hair Extensions,Hair Extensions,10999,1,False,False,0,0,0,Website Chat,What types of hair extensions do you have?,2026-08-14 03:21:00,Not Purchased,0,0,Low,[],No clear barrier,Discovery,Normal,No immediate action required,
OPP_00831,CUST_51958,Kavya Shah,Returning,NH005,Invisible Tape Hair Extensions,Hair Extensions,11999,5,False,False,0,6,8903,WhatsApp,Can I return it if it doesn't work for me?,2026-08-12 17:19:00,Not Purchased,0,30,Low,"['Repeated product views', 'Returning customer']",Returns,Consideration,Normal,Explain the applicable return or exchange policy,
OPP_00832,CUST_12787,Nisha Sharma,Returning,NH001,Natural Black Clip-In Extensions,Hair Extensions,6999,4,True,True,13998,4,11815,WhatsApp,Do you have any offer running right now?,2026-08-07 20:18:00,Purchased,13998,92,High,"['Multiple product views', 'Added product to cart', 'Started checkout', 'Returning customer', 'High-value cart']",Price,Checkout,Normal,Address the price concern and share applicable offers,
OPP_00833,CUST_22467,Tanya Rao,Returning,NH003,Premium Straight Human Hair Extensions,Hair Extensions,8999,7,True,True,8999,4,6425,Email,I loved my previous order. Which product is closest to it?,2026-08-08 14:13:00,Purchased,8999,90,High,"['Repeated product views', 'Added product to cart', 'Started checkout', 'Returning customer']",Product suitability,Checkout,Normal,Recommend the most suitable product for the shopper,
OPP_00834,CUST_69582,Karan Agarwal,New,NH006,Hair Topper - Natural Black,Hair Toppers,8499,4,True,True,8499,0,0,WhatsApp,Can I return it if it doesn't work for me?,2026-08-22 17:06:00,Purchased,8499,72,Medium,"['Multiple product views', 'Added product to cart', 'Started checkout']",Returns,Checkout,Normal,Explain the applicable return or exchange policy,
OPP_00835,CUST_67105,Meera Mehta,New,NH010,Human Hair Wig - Natural Black,Wigs,14999,3,True,True,14999,0,0,WhatsApp,Is there any discount available on this?,2026-08-17 20:27:00,Not Purchased,0,82,High,"['Multiple product views', 'Added product to cart', 'Started checkout', 'High-value cart']",Price,Checkout,Normal,Address the price concern and share applicable offers,"{'type': 'Fixed discount', 'value': 1000, 'description': '₹1,000 off on the current cart'}"
OPP_00836,CUST_49883,Ananya Kapoor,Returning,NH006,Hair Topper - Natural Black,Hair Toppers,8499,3,True,True,8499,5,4323,Email,I have added this to my cart. Is anything else needed to complete the order?,2026-08-15 07:38:00,Purchased,8499,82,High,"['Multiple product views', 'Added product to cart', 'Started checkout', 'Returning customer']",No clear barrier,Checkout,Normal,Follow up with the high-intent shopper,
OPP_00837,CUST_29398,Sanya Agarwal,New,NH007,Hair Topper - Brown,Hair Toppers,8999,4,True,True,8999,0,0,Instagram,The price is a little high. Is there a better price available?,2026-08-11 13:00:00,Purchased,8999,72,Medium,"['Multiple product views', 'Added product to cart', 'Started checkout']",Price,Checkout,Normal,Address the price concern and share applicable offers,
OPP_00838,CUST_52193,Karan Shah,New,NH002,Brown Wavy Clip-In Extensions,Hair Extensions,7499,5,False,False,0,0,0,WhatsApp,Will this work for short hair?,2026-08-18 19:26:00,Not Purchased,0,20,Low,['Repeated product views'],No clear barrier,Consideration,Normal,No immediate action required,
OPP_00839,CUST_36986,Ananya Patel,Returning,NH005,Invisible Tape Hair Extensions,Hair Extensions,11999,1,False,False,0,3,40602,Instagram,What types of hair extensions do you have?,2026-08-06 05:02:00,Not Purchased,0,10,Low,['Returning customer'],No clear barrier,Discovery,Normal,No immediate action required,
OPP_00840,CUST_79159,Arjun Agarwal,New,NH001,Natural Black Clip-In Extensions,Hair Extensions,6999,5,True,True,6999,0,0,Email,How long does the hair normally last?,2026-08-17 11:56:00,Not Purchased,0,80,High,"['Repeated product views', 'Added product to cart', 'Started checkout']",Product quality,Checkout,Normal,Answer the shopper's product quality questions,
OPP_00841,CUST_57663,Sneha Verma,New,NH008,Natural Black Ponytail Extension,Ponytails,4999,1,False,False,0,0,0,Website Chat,I'm just exploring your hair extensions. What do you recommend?,2026-08-05 15:38:00,Not Purchased,0,0,Low,[],Product suitability,Discovery,Normal,Recommend the most suitable product for the shopper,
OPP_00842,CUST_24047,Neha Shah,New,NH002,Brown Wavy Clip-In Extensions,Hair Extensions,7499,5,True,False,7499,0,0,WhatsApp,Do you have any offer running right now?,2026-08-05 15:08:00,Purchased,7499,45,Medium,"['Repeated product views', 'Added product to cart']",Price,Cart,Normal,Address the price concern and share applicable offers,
OPP_00843,CUST_37795,Priya Desai,New,NH005,Invisible Tape Hair Extensions,Hair Extensions,11999,5,True,True,11999,0,0,Instagram,Can you help me select the closest shade?,2026-08-08 23:15:00,Purchased,11999,90,High,"['Repeated product views', 'Added product to cart', 'Started checkout', 'High-value cart']",Color matching,Checkout,Normal,Help the shopper choose the closest color match,
OPP_00844,CUST_65389,Kavya Kapoor,New,NH001,Natural Black Clip-In Extensions,Hair Extensions,6999,2,False,False,0,0,0,Website Chat,When will this product be back in stock?,2026-08-05 09:28:00,Not Purchased,0,0,Low,[],Availability,Discovery,Normal,Confirm product availability or expected restock,
OPP_00845,CUST_38780,Neha Sharma,New,NH010,Human Hair Wig - Natural Black,Wigs,14999,6,True,False,14999,0,0,WhatsApp,Do you offer EMI or other payment options?,2026-08-07 10:22:00,Not Purchased,0,55,Medium,"['Repeated product views', 'Added product to cart', 'High-value cart']",Price,Cart,Normal,Address the price concern and share applicable offers,
OPP_00846,CUST_23278,Meera Rao,New,NH004,Luxury Wavy Human Hair Extensions,Hair Extensions,10999,4,True,False,21998,0,0,Email,How many days will delivery take to my city?,2026-08-06 01:20:00,Purchased,21998,47,Medium,"['Multiple product views', 'Added product to cart', 'High-value cart']",Delivery,Cart,Normal,Confirm delivery availability and expected delivery date,
OPP_00847,CUST_75960,Shreya Verma,Returning,NH003,Premium Straight Human Hair Extensions,Hair Extensions,8999,4,False,False,0,3,22873,Email,Can you help me select the closest shade?,2026-08-06 19:19:00,Purchased,0,22,Low,"['Multiple product views', 'Returning customer']",Color matching,Consideration,Normal,Help the shopper choose the closest color match,
OPP_00848,CUST_11669,Karan Desai,New,NH003,Premium Straight Human Hair Extensions,Hair Extensions,8999,4,True,True,17998,0,0,Email,I need this for a wedding next Saturday. Can it reach me before then?,2026-08-05 09:56:00,Purchased,17998,82,High,"['Multiple product views', 'Added product to cart', 'Started checkout', 'High-value cart']",Delivery,Checkout,High,Confirm delivery availability and expected delivery date,
OPP_00849,CUST_15921,Riya Gupta,Returning,NH005,Invisible Tape Hair Extensions,Hair Extensions,11999,5,True,False,11999,2,4637,Email,Is cash on delivery available?,2026-08-13 07:52:00,Purchased,11999,65,Medium,"['Repeated product views', 'Added product to cart', 'Returning customer', 'High-value cart']",Delivery,Cart,Normal,Confirm delivery availability and expected delivery date,
OPP_00850,CUST_55977,Vikram Kapoor,New,NH009,Wavy Ponytail Extension,Ponytails,5499,3,True,True,5499,0,0,Instagram,Do you have any offer running right now?,2026-08-09 15:57:00,Purchased,5499,72,Medium,"['Multiple product views', 'Added product to cart', 'Started checkout']",Price,Checkout,Normal,Address the price concern and share applicable offers,
OPP_00851,CUST_88085,Karan Patel,New,NH008,Natural Black Ponytail Extension,Ponytails,4999,4,False,False,0,0,0,Email,I'm not sure which type would suit my hair. Can you help?,2026-08-13 04:36:00,Not Purchased,0,12,Low,['Multiple product views'],Product suitability,Consideration,Normal,Recommend the most suitable product for the shopper,
OPP_00852,CUST_75251,Riya Shah,New,NH001,Natural Black Clip-In Extensions,Hair Extensions,6999,3,False,False,0,0,0,Instagram,When will this product be back in stock?,2026-08-06 01:40:00,Not Purchased,0,12,Low,['Multiple product views'],Availability,Consideration,Normal,Confirm product availability or expected restock,
OPP_00853,CUST_98971,Vikram Verma,New,NH002,Brown Wavy Clip-In Extensions,Hair Extensions,7499,8,True,True,7499,0,0,Website Chat,Can I place the order now?,2026-08-22 02:09:00,Purchased,7499,80,High,"['Repeated product views', 'Added product to cart', 'Started checkout']",No clear barrier,Checkout,Normal,Follow up with the high-intent shopper,
OPP_00854,CUST_26116,Tanya Iyer,Returning,NH006,Hair Topper - Natural Black,Hair Toppers,8499,4,True,True,8499,4,42610,Instagram,Do you have this in natural black right now?,2026-08-23 09:44:00,Purchased,8499,82,High,"['Multiple product views', 'Added product to cart', 'Started checkout', 'Returning customer']",No clear barrier,Checkout,Normal,Follow up with the high-intent shopper,
OPP_00855,CUST_29690,Arjun Kapoor,New,NH006,Hair Topper - Natural Black,Hair Toppers,8499,6,True,False,8499,0,0,Website Chat,Can I place the order now?,2026-08-12 10:52:00,Purchased,8499,45,Medium,"['Repeated product views', 'Added product to cart']",No clear barrier,Cart,Normal,Nurture the shopper and provide useful product information,
OPP_00856,CUST_50084,Riya Desai,New,NH005,Invisible Tape Hair Extensions,Hair Extensions,11999,5,True,True,11999,0,0,Email,I'm not sure which type would suit my hair. Can you help?,2026-08-20 08:32:00,Purchased,11999,90,High,"['Repeated product views', 'Added product to cart', 'Started checkout', 'High-value cart']",Product suitability,Checkout,Normal,Recommend the most suitable product for the shopper,
OPP_00857,CUST_45477,Priya Rao,New,NH001,Natural Black Clip-In Extensions,Hair Extensions,6999,5,True,False,6999,0,0,Website Chat,Do you have any offer running right now?,2026-08-14 16:36:00,Not Purchased,0,45,Medium,"['Repeated product views', 'Added product to cart']",Price,Cart,Normal,Address the price concern and share applicable offers,
OPP_00858,CUST_22863,Simran Kapoor,New,NH002,Brown Wavy Clip-In Extensions,Hair Extensions,7499,5,True,True,14998,0,0,Email,I need this for a wedding next Saturday. Can it reach me before then?,2026-08-14 04:58:00,Purchased,14998,90,High,"['Repeated product views', 'Added product to cart', 'Started checkout', 'High-value cart']",Delivery,Checkout,High,Confirm delivery availability and expected delivery date,
OPP_00859,CUST_82651,Kavya Kapoor,New,NH007,Hair Topper - Brown,Hair Toppers,8999,6,True,False,8999,0,0,Email,Which one would be best for thin hair?,2026-08-08 03:23:00,Purchased,8999,45,Medium,"['Repeated product views', 'Added product to cart']",Product suitability,Cart,Normal,Recommend the most suitable product for the shopper,
OPP_00860,CUST_76036,Pooja Verma,Returning,NH010,Human Hair Wig - Natural Black,Wigs,14999,6,True,True,29998,4,39771,Email,Do you have any offer running right now?,2026-08-11 23:47:00,Purchased,29998,100,High,"['Repeated product views', 'Added product to cart', 'Started checkout', 'Returning customer', 'High-value cart']",Price,Checkout,Normal,Address the price concern and share applicable offers,
OPP_00861,CUST_28426,Shreya Kapoor,Returning,NH007,Hair Topper - Brown,Hair Toppers,8999,3,True,False,17998,4,5813,Website Chat,I've purchased from you before. Is this the same quality?,2026-08-13 00:43:00,Purchased,17998,57,Medium,"['Multiple product views', 'Added product to cart', 'Returning customer', 'High-value cart']",Product quality,Cart,Normal,Answer the shopper's product quality questions,
OPP_00862,CUST_61466,Priya Desai,New,NH006,Hair Topper - Natural Black,Hair Toppers,8499,6,False,False,0,0,0,WhatsApp,Can I return it if it doesn't work for me?,2026-08-19 17:59:00,Purchased,0,20,Low,['Repeated product views'],Returns,Consideration,Normal,Explain the applicable return or exchange policy,
OPP_00863,CUST_22766,Nisha Gupta,New,NH009,Wavy Ponytail Extension,Ponytails,5499,3,True,True,5499,0,0,Instagram,Can you confirm if this can be delivered by Friday?,2026-08-08 21:56:00,Purchased,5499,72,Medium,"['Multiple product views', 'Added product to cart', 'Started checkout']",Delivery,Checkout,High,Confirm delivery availability and expected delivery date,
OPP_00864,CUST_36878,Arjun Mehta,New,NH001,Natural Black Clip-In Extensions,Hair Extensions,6999,6,False,False,0,0,0,Instagram,Is cash on delivery available?,2026-08-06 11:05:00,Purchased,0,20,Low,['Repeated product views'],Delivery,Consideration,Normal,Confirm delivery availability and expected delivery date,
OPP_00865,CUST_36306,Neha Patel,New,NH003,Premium Straight Human Hair Extensions,Hair Extensions,8999,2,False,False,0,0,0,WhatsApp,Which one would be best for thin hair?,2026-08-15 02:45:00,Not Purchased,0,0,Low,[],Product suitability,Discovery,Normal,Recommend the most suitable product for the shopper,
OPP_00866,CUST_25966,Nisha Desai,New,NH002,Brown Wavy Clip-In Extensions,Hair Extensions,7499,2,True,False,14998,0,0,Instagram,Which one would be best for thin hair?,2026-08-20 00:58:00,Not Purchased,0,35,Low,"['Added product to cart', 'High-value cart']",Product suitability,Cart,Normal,Recommend the most suitable product for the shopper,
OPP_00867,CUST_66669,Priya Malhotra,Returning,NH004,Luxury Wavy Human Hair Extensions,Hair Extensions,10999,2,False,False,0,5,21057,WhatsApp,What types of hair extensions do you have?,2026-08-04 14:22:00,Not Purchased,0,10,Low,['Returning customer'],No clear barrier,Discovery,Normal,No immediate action required,
OPP_00868,CUST_97495,Neha Gupta,New,NH004,Luxury Wavy Human Hair Extensions,Hair Extensions,10999,1,False,False,0,0,0,Instagram,I'm just exploring your hair extensions. What do you recommend?,2026-08-16 13:39:00,Not Purchased,0,0,Low,[],Product suitability,Discovery,Normal,Recommend the most suitable product for the shopper,
OPP_00869,CUST_69910,Neha Gupta,New,NH005,Invisible Tape Hair Extensions,Hair Extensions,11999,2,True,False,11999,0,0,Instagram,Will this match my natural hair color?,2026-08-14 14:03:00,Purchased,11999,35,Low,"['Added product to cart', 'High-value cart']",Color matching,Cart,Normal,Help the shopper choose the closest color match,
OPP_00870,CUST_71329,Rahul Kapoor,New,NH005,Invisible Tape Hair Extensions,Hair Extensions,11999,6,True,False,11999,0,0,WhatsApp,Will this match my natural hair color?,2026-08-09 12:22:00,Not Purchased,0,55,Medium,"['Repeated product views', 'Added product to cart', 'High-value cart']",Color matching,Cart,Normal,Help the shopper choose the closest color match,
OPP_00871,CUST_83812,Aditi Verma,Returning,NH009,Wavy Ponytail Extension,Ponytails,5499,6,True,True,5499,5,17813,Website Chat,Will this work for short hair?,2026-08-19 05:41:00,Purchased,5499,90,High,"['Repeated product views', 'Added product to cart', 'Started checkout', 'Returning customer']",No clear barrier,Checkout,Normal,Follow up with the high-intent shopper,
OPP_00872,CUST_52477,Sanya Gupta,Returning,NH005,Invisible Tape Hair Extensions,Hair Extensions,11999,5,True,True,11999,1,35702,Email,Do you have this in natural black right now?,2026-08-15 10:13:00,Purchased,11999,100,High,"['Repeated product views', 'Added product to cart', 'Started checkout', 'Returning customer', 'High-value cart']",No clear barrier,Checkout,Normal,Follow up with the high-intent shopper,
OPP_00873,CUST_75461,Karan Joshi,New,NH007,Hair Topper - Brown,Hair Toppers,8999,8,True,True,8999,0,0,Website Chat,Can you confirm if this can be delivered by Friday?,2026-08-19 11:30:00,Purchased,8999,80,High,"['Repeated product views', 'Added product to cart', 'Started checkout']",Delivery,Checkout,High,Confirm delivery availability and expected delivery date,
OPP_00874,CUST_18116,Shreya Kapoor,New,NH004,Luxury Wavy Human Hair Extensions,Hair Extensions,10999,8,True,False,21998,0,0,WhatsApp,I bought from you before. Do you have the same shade again?,2026-08-20 15:28:00,Not Purchased,0,55,Medium,"['Repeated product views', 'Added product to cart', 'High-value cart']",Color matching,Cart,Normal,Help the shopper choose the closest color match,
OPP_00875,CUST_68918,Sneha Mehta,New,NH002,Brown Wavy Clip-In Extensions,Hair Extensions,7499,2,False,False,0,0,0,Website Chat,Is this shade currently available?,2026-08-07 02:53:00,Not Purchased,0,0,Low,[],Color matching,Discovery,Normal,Help the shopper choose the closest color match,
OPP_00876,CUST_79275,Kavya Patel,New,NH008,Natural Black Ponytail Extension,Ponytails,4999,3,False,False,0,0,0,WhatsApp,I'm not sure which type would suit my hair. Can you help?,2026-08-23 05:11:00,Not Purchased,0,12,Low,['Multiple product views'],Product suitability,Consideration,Normal,Recommend the most suitable product for the shopper,
OPP_00877,CUST_81641,Ananya Joshi,New,NH002,Brown Wavy Clip-In Extensions,Hair Extensions,7499,1,False,False,0,0,0,Website Chat,Can you tell me more about your products?,2026-08-17 23:39:00,Not Purchased,0,0,Low,[],No clear barrier,Discovery,Normal,No immediate action required,
OPP_00878,CUST_83229,Priya Iyer,New,NH009,Wavy Ponytail Extension,Ponytails,5499,2,False,False,0,0,0,WhatsApp,I'm just exploring your hair extensions. What do you recommend?,2026-08-11 02:28:00,Not Purchased,0,0,Low,[],Product suitability,Discovery,Normal,Recommend the most suitable product for the shopper,
OPP_00879,CUST_16747,Shreya Singh,Returning,NH007,Hair Topper - Brown,Hair Toppers,8999,7,True,True,8999,5,9121,Email,Is there any discount available on this?,2026-08-06 11:20:00,Purchased,8999,90,High,"['Repeated product views', 'Added product to cart', 'Started checkout', 'Returning customer']",Price,Checkout,Normal,Address the price concern and share applicable offers,
OPP_00880,CUST_47757,Ananya Singh,Returning,NH005,Invisible Tape Hair Extensions,Hair Extensions,11999,2,False,False,0,3,29586,Website Chat,Can you help me select the closest shade?,2026-08-22 13:53:00,Not Purchased,0,10,Low,['Returning customer'],Color matching,Discovery,Normal,Help the shopper choose the closest color match,
OPP_00881,CUST_44478,Riya Sharma,New,NH010,Human Hair Wig - Natural Black,Wigs,14999,2,True,False,29998,0,0,Email,When will this product be back in stock?,2026-08-07 07:28:00,Not Purchased,0,35,Low,"['Added product to cart', 'High-value cart']",Availability,Cart,Normal,Confirm product availability or expected restock,
OPP_00882,CUST_53202,Aarav Shah,New,NH004,Luxury Wavy Human Hair Extensions,Hair Extensions,10999,1,False,False,0,0,0,Instagram,What types of hair extensions do you have?,2026-08-19 16:59:00,Not Purchased,0,0,Low,[],No clear barrier,Discovery,Normal,No immediate action required,
OPP_00883,CUST_90272,Ananya Singh,Returning,NH010,Human Hair Wig - Natural Black,Wigs,14999,2,False,False,0,6,6317,Instagram,Which one would be best for thin hair?,2026-08-07 12:44:00,Not Purchased,0,10,Low,['Returning customer'],Product suitability,Discovery,Normal,Recommend the most suitable product for the shopper,
OPP_00884,CUST_49769,Meera Sharma,New,NH001,Natural Black Clip-In Extensions,Hair Extensions,6999,3,False,False,0,0,0,WhatsApp,Is this real human hair?,2026-08-18 23:29:00,Not Purchased,0,12,Low,['Multiple product views'],Product quality,Consideration,Normal,Answer the shopper's product quality questions,
OPP_00885,CUST_16834,Sneha Iyer,New,NH004,Luxury Wavy Human Hair Extensions,Hair Extensions,10999,8,True,True,10999,0,0,Instagram,I've purchased from you before. Is this the same quality?,2026-08-04 05:23:00,Purchased,10999,90,High,"['Repeated product views', 'Added product to cart', 'Started checkout', 'High-value cart']",Product quality,Checkout,Normal,Answer the shopper's product quality questions,
OPP_00886,CUST_54974,Tanya Sharma,Returning,NH007,Hair Topper - Brown,Hair Toppers,8999,3,True,False,8999,5,13028,Website Chat,I need this for a wedding next Saturday. Can it reach me before then?,2026-08-03 11:14:00,Purchased,8999,47,Medium,"['Multiple product views', 'Added product to cart', 'Returning customer']",Delivery,Cart,High,Confirm delivery availability and expected delivery date,
OPP_00887,CUST_42757,Aarav Patel,New,NH010,Human Hair Wig - Natural Black,Wigs,14999,6,True,False,14999,0,0,WhatsApp,Is this shade currently available?,2026-08-11 08:30:00,Not Purchased,0,55,Medium,"['Repeated product views', 'Added product to cart', 'High-value cart']",Color matching,Cart,Normal,Help the shopper choose the closest color match,
OPP_00888,CUST_48327,Priya Gupta,New,NH003,Premium Straight Human Hair Extensions,Hair Extensions,8999,6,False,False,0,0,0,Instagram,Will this work for short hair?,2026-08-16 08:07:00,Not Purchased,0,20,Low,['Repeated product views'],No clear barrier,Consideration,Normal,No immediate action required,
OPP_00889,CUST_38873,Rahul Rao,New,NH002,Brown Wavy Clip-In Extensions,Hair Extensions,7499,7,True,True,7499,0,0,Email,How many days will delivery take to my city?,2026-08-19 03:05:00,Not Purchased,0,80,High,"['Repeated product views', 'Added product to cart', 'Started checkout']",Delivery,Checkout,Normal,Confirm delivery availability and expected delivery date,
OPP_00890,CUST_80964,Arjun Patel,New,NH009,Wavy Ponytail Extension,Ponytails,5499,6,False,False,0,0,0,WhatsApp,I have dark brown hair. Which shade should I choose?,2026-08-21 20:45:00,Not Purchased,0,20,Low,['Repeated product views'],Color matching,Consideration,Normal,Help the shopper choose the closest color match,
OPP_00891,CUST_78287,Meera Kapoor,Returning,NH007,Hair Topper - Brown,Hair Toppers,8999,3,False,False,0,5,35864,Website Chat,Which one would be best for thin hair?,2026-08-09 20:22:00,Not Purchased,0,22,Low,"['Multiple product views', 'Returning customer']",Product suitability,Consideration,Normal,Recommend the most suitable product for the shopper,
OPP_00892,CUST_12790,Karan Agarwal,New,NH003,Premium Straight Human Hair Extensions,Hair Extensions,8999,6,True,True,17998,0,0,WhatsApp,Do you have any offer running right now?,2026-08-07 16:48:00,Not Purchased,0,90,High,"['Repeated product views', 'Added product to cart', 'Started checkout', 'High-value cart']",Price,Checkout,Normal,Address the price concern and share applicable offers,"{'type': 'Fixed discount', 'value': 1000, 'description': '₹1,000 off on the current cart'}"
OPP_00893,CUST_60146,Sneha Verma,New,NH010,Human Hair Wig - Natural Black,Wigs,14999,1,True,False,29998,0,0,WhatsApp,What types of hair extensions do you have?,2026-08-06 01:21:00,Not Purchased,0,35,Low,"['Added product to cart', 'High-value cart']",No clear barrier,Cart,Normal,No immediate action required,
OPP_00894,CUST_55587,Riya Gupta,New,NH007,Hair Topper - Brown,Hair Toppers,8999,2,False,False,0,0,0,Email,When will this product be back in stock?,2026-08-19 19:30:00,Purchased,0,0,Low,[],Availability,Discovery,Normal,Confirm product availability or expected restock,
OPP_00895,CUST_17486,Neha Singh,New,NH010,Human Hair Wig - Natural Black,Wigs,14999,8,True,False,29998,0,0,Instagram,Can you confirm if this can be delivered by Friday?,2026-08-22 14:15:00,Not Purchased,0,55,Medium,"['Repeated product views', 'Added product to cart', 'High-value cart']",Delivery,Cart,High,Confirm delivery availability and expected delivery date,
OPP_00896,CUST_59976,Rahul Rao,Returning,NH005,Invisible Tape Hair Extensions,Hair Extensions,11999,6,False,False,0,5,34376,Website Chat,Is this shade currently available?,2026-08-22 00:43:00,Purchased,0,30,Low,"['Repeated product views', 'Returning customer']",Color matching,Consideration,Normal,Help the shopper choose the closest color match,
OPP_00897,CUST_61721,Aarav Gupta,New,NH001,Natural Black Clip-In Extensions,Hair Extensions,6999,4,True,True,6999,0,0,Email,I have dark brown hair. Which shade should I choose?,2026-08-07 11:46:00,Purchased,6999,72,Medium,"['Multiple product views', 'Added product to cart', 'Started checkout']",Color matching,Checkout,Normal,Help the shopper choose the closest color match,
OPP_00898,CUST_68170,Rahul Sharma,Returning,NH005,Invisible Tape Hair Extensions,Hair Extensions,11999,7,True,True,11999,5,4808,Instagram,Is there any discount available on this?,2026-08-11 23:44:00,Purchased,11999,100,High,"['Repeated product views', 'Added product to cart', 'Started checkout', 'Returning customer', 'High-value cart']",Price,Checkout,Normal,Address the price concern and share applicable offers,
OPP_00899,CUST_89996,Vikram Joshi,Returning,NH001,Natural Black Clip-In Extensions,Hair Extensions,6999,3,True,True,6999,4,40477,WhatsApp,Do you have any offer running right now?,2026-08-05 11:11:00,Purchased,6999,82,High,"['Multiple product views', 'Added product to cart', 'Started checkout', 'Returning customer']",Price,Checkout,Normal,Address the price concern and share applicable offers,
OPP_00900,CUST_90995,Aarav Shah,Returning,NH005,Invisible Tape Hair Extensions,Hair Extensions,11999,4,True,True,11999,3,21009,WhatsApp,I've purchased from you before. Is this the same quality?,2026-08-02 06:01:00,Purchased,11999,92,High,"['Multiple product views', 'Added product to cart', 'Started checkout', 'Returning customer', 'High-value cart']",Product quality,Checkout,Normal,Answer the shopper's product quality questions,
OPP_00901,CUST_43954,Simran Sharma,Returning,NH003,Premium Straight Human Hair Extensions,Hair Extensions,8999,6,False,False,0,4,42003,Email,I'm not sure which type would suit my hair. Can you help?,2026-08-17 17:17:00,Purchased,0,30,Low,"['Repeated product views', 'Returning customer']",Product suitability,Consideration,Normal,Recommend the most suitable product for the shopper,
OPP_00902,CUST_52701,Sanya Joshi,New,NH001,Natural Black Clip-In Extensions,Hair Extensions,6999,2,True,True,6999,0,0,Instagram,Which one would be best for thin hair?,2026-08-15 23:33:00,Purchased,6999,60,Medium,"['Added product to cart', 'Started checkout']",Product suitability,Checkout,Normal,Recommend the most suitable product for the shopper,
OPP_00903,CUST_48543,Shreya Sharma,Returning,NH007,Hair Topper - Brown,Hair Toppers,8999,4,True,True,8999,2,5618,Website Chat,Will this work for short hair?,2026-08-02 09:21:00,Purchased,8999,82,High,"['Multiple product views', 'Added product to cart', 'Started checkout', 'Returning customer']",No clear barrier,Checkout,Normal,Follow up with the high-intent shopper,
OPP_00904,CUST_59655,Sanya Sharma,Returning,NH005,Invisible Tape Hair Extensions,Hair Extensions,11999,4,True,False,11999,5,5673,Website Chat,How many days will delivery take to my city?,2026-08-18 17:29:00,Not Purchased,0,57,Medium,"['Multiple product views', 'Added product to cart', 'Returning customer', 'High-value cart']",Delivery,Cart,Normal,Confirm delivery availability and expected delivery date,
OPP_00905,CUST_80643,Neha Agarwal,Returning,NH002,Brown Wavy Clip-In Extensions,Hair Extensions,7499,6,False,False,0,2,41054,WhatsApp,Can I style and use heat on this hair?,2026-08-12 02:57:00,Not Purchased,0,30,Low,"['Repeated product views', 'Returning customer']",Product quality,Consideration,Normal,Answer the shopper's product quality questions,
OPP_00906,CUST_41985,Aditi Shah,New,NH009,Wavy Ponytail Extension,Ponytails,5499,3,False,False,0,0,0,Email,Which one would be best for thin hair?,2026-08-11 17:56:00,Not Purchased,0,12,Low,['Multiple product views'],Product suitability,Consideration,Normal,Recommend the most suitable product for the shopper,
OPP_00907,CUST_95633,Karan Gupta,Returning,NH006,Hair Topper - Natural Black,Hair Toppers,8499,5,True,True,8499,1,19797,Website Chat,How long does the hair normally last?,2026-08-19 06:25:00,Not Purchased,0,90,High,"['Repeated product views', 'Added product to cart', 'Started checkout', 'Returning customer']",Product quality,Checkout,Normal,Answer the shopper's product quality questions,
OPP_00908,CUST_63427,Sanya Malhotra,New,NH007,Hair Topper - Brown,Hair Toppers,8999,1,False,False,0,0,0,Website Chat,Can you tell me more about your products?,2026-08-07 07:08:00,Not Purchased,0,0,Low,[],No clear barrier,Discovery,Normal,No immediate action required,
OPP_00909,CUST_92920,Kavya Mehta,New,NH005,Invisible Tape Hair Extensions,Hair Extensions,11999,6,True,True,11999,0,0,Instagram,I need this for a wedding next Saturday. Can it reach me before then?,2026-08-05 04:04:00,Purchased,11999,90,High,"['Repeated product views', 'Added product to cart', 'Started checkout', 'High-value cart']",Delivery,Checkout,High,Confirm delivery availability and expected delivery date,
OPP_00910,CUST_14466,Tanya Sharma,New,NH002,Brown Wavy Clip-In Extensions,Hair Extensions,7499,2,False,False,0,0,0,Website Chat,What types of hair extensions do you have?,2026-08-04 09:17:00,Not Purchased,0,0,Low,[],No clear barrier,Discovery,Normal,No immediate action required,
OPP_00911,CUST_48455,Neha Joshi,Returning,NH009,Wavy Ponytail Extension,Ponytails,5499,5,False,False,0,4,31679,Email,I'm not sure which type would suit my hair. Can you help?,2026-08-15 05:27:00,Purchased,0,30,Low,"['Repeated product views', 'Returning customer']",Product suitability,Consideration,Normal,Recommend the most suitable product for the shopper,
OPP_00912,CUST_68837,Tanya Malhotra,New,NH010,Human Hair Wig - Natural Black,Wigs,14999,1,False,False,0,0,0,Instagram,Can you tell me more about your products?,2026-08-20 08:54:00,Not Purchased,0,0,Low,[],No clear barrier,Discovery,Normal,No immediate action required,
OPP_00913,CUST_87274,Arjun Patel,New,NH007,Hair Topper - Brown,Hair Toppers,8999,3,False,False,0,0,0,Website Chat,Is this real human hair?,2026-08-14 21:09:00,Not Purchased,0,12,Low,['Multiple product views'],Product quality,Consideration,Normal,Answer the shopper's product quality questions,
OPP_00914,CUST_22700,Meera Kapoor,New,NH010,Human Hair Wig - Natural Black,Wigs,14999,5,True,True,14999,0,0,Instagram,I have dark brown hair. Which shade should I choose?,2026-08-02 11:22:00,Not Purchased,0,90,High,"['Repeated product views', 'Added product to cart', 'Started checkout', 'High-value cart']",Color matching,Checkout,Normal,Help the shopper choose the closest color match,
OPP_00915,CUST_52310,Sneha Joshi,New,NH010,Human Hair Wig - Natural Black,Wigs,14999,6,False,False,0,0,0,Website Chat,What is your return policy if the shade doesn't match?,2026-08-02 07:54:00,Not Purchased,0,20,Low,['Repeated product views'],Color matching,Consideration,Normal,Help the shopper choose the closest color match,
OPP_00916,CUST_45893,Karan Verma,New,NH004,Luxury Wavy Human Hair Extensions,Hair Extensions,10999,6,True,True,10999,0,0,Website Chat,Which one would be best for thin hair?,2026-08-07 22:32:00,Purchased,10999,90,High,"['Repeated product views', 'Added product to cart', 'Started checkout', 'High-value cart']",Product suitability,Checkout,Normal,Recommend the most suitable product for the shopper,
OPP_00917,CUST_15209,Vikram Singh,Returning,NH005,Invisible Tape Hair Extensions,Hair Extensions,11999,3,True,False,11999,1,19183,Website Chat,Will this match my natural hair color?,2026-08-12 11:42:00,Purchased,11999,57,Medium,"['Multiple product views', 'Added product to cart', 'Returning customer', 'High-value cart']",Color matching,Cart,Normal,Help the shopper choose the closest color match,
OPP_00918,CUST_48658,Neha Rao,New,NH001,Natural Black Clip-In Extensions,Hair Extensions,6999,6,True,True,6999,0,0,WhatsApp,Will this work for short hair?,2026-08-21 14:26:00,Not Purchased,0,80,High,"['Repeated product views', 'Added product to cart', 'Started checkout']",No clear barrier,Checkout,Normal,Follow up with the high-intent shopper,
OPP_00919,CUST_20363,Meera Rao,New,NH007,Hair Topper - Brown,Hair Toppers,8999,4,True,False,8999,0,0,WhatsApp,How many days will delivery take to my city?,2026-08-04 22:35:00,Not Purchased,0,37,Low,"['Multiple product views', 'Added product to cart']",Delivery,Cart,Normal,Confirm delivery availability and expected delivery date,
OPP_00920,CUST_51262,Aarav Desai,New,NH009,Wavy Ponytail Extension,Ponytails,5499,6,False,False,0,0,0,WhatsApp,Can I style and use heat on this hair?,2026-08-19 10:44:00,Purchased,0,20,Low,['Repeated product views'],Product quality,Consideration,Normal,Answer the shopper's product quality questions,
OPP_00921,CUST_42232,Priya Gupta,New,NH009,Wavy Ponytail Extension,Ponytails,5499,1,False,False,0,0,0,Instagram,What types of hair extensions do you have?,2026-08-16 16:44:00,Not Purchased,0,0,Low,[],No clear barrier,Discovery,Normal,No immediate action required,
OPP_00922,CUST_93200,Ananya Singh,New,NH004,Luxury Wavy Human Hair Extensions,Hair Extensions,10999,4,True,False,10999,0,0,Website Chat,Is there any discount available on this?,2026-08-11 06:11:00,Purchased,10999,47,Medium,"['Multiple product views', 'Added product to cart', 'High-value cart']",Price,Cart,Normal,Address the price concern and share applicable offers,
OPP_00923,CUST_40764,Pooja Verma,New,NH002,Brown Wavy Clip-In Extensions,Hair Extensions,7499,3,True,False,14998,0,0,Website Chat,Can I pay using UPI?,2026-08-20 12:07:00,Not Purchased,0,47,Medium,"['Multiple product views', 'Added product to cart', 'High-value cart']",Payment,Cart,Normal,Explain available payment options,
OPP_00924,CUST_24728,Nisha Desai,Returning,NH004,Luxury Wavy Human Hair Extensions,Hair Extensions,10999,5,True,False,10999,6,35788,Instagram,How long does the hair normally last?,2026-08-07 00:06:00,Purchased,10999,65,Medium,"['Repeated product views', 'Added product to cart', 'Returning customer', 'High-value cart']",Product quality,Cart,Normal,Answer the shopper's product quality questions,
OPP_00925,CUST_62178,Priya Iyer,New,NH007,Hair Topper - Brown,Hair Toppers,8999,4,False,False,0,0,0,Instagram,How long does the hair normally last?,2026-08-15 01:15:00,Not Purchased,0,12,Low,['Multiple product views'],Product quality,Consideration,Normal,Answer the shopper's product quality questions,
OPP_00926,CUST_17969,Vikram Iyer,Returning,NH007,Hair Topper - Brown,Hair Toppers,8999,3,False,False,0,1,23066,Email,Will this work for short hair?,2026-08-16 17:38:00,Not Purchased,0,22,Low,"['Multiple product views', 'Returning customer']",No clear barrier,Consideration,Normal,No immediate action required,
OPP_00927,CUST_45168,Karan Rao,New,NH006,Hair Topper - Natural Black,Hair Toppers,8499,2,False,False,0,0,0,Website Chat,I'm just exploring your hair extensions. What do you recommend?,2026-08-15 20:29:00,Not Purchased,0,0,Low,[],Product suitability,Discovery,Normal,Recommend the most suitable product for the shopper,
OPP_00928,CUST_91957,Neha Gupta,New,NH001,Natural Black Clip-In Extensions,Hair Extensions,6999,6,False,False,0,0,0,Email,Is this shade currently available?,2026-08-15 03:23:00,Not Purchased,0,20,Low,['Repeated product views'],Color matching,Consideration,Normal,Help the shopper choose the closest color match,
OPP_00929,CUST_82468,Ananya Malhotra,New,NH009,Wavy Ponytail Extension,Ponytails,5499,2,True,False,5499,0,0,WhatsApp,Can you tell me more about your products?,2026-08-06 03:56:00,Not Purchased,0,25,Low,['Added product to cart'],No clear barrier,Cart,Normal,No immediate action required,
OPP_00930,CUST_31155,Pooja Joshi,New,NH006,Hair Topper - Natural Black,Hair Toppers,8499,7,True,True,8499,0,0,Instagram,I want to order this today. How do I proceed?,2026-08-13 22:59:00,Purchased,8499,80,High,"['Repeated product views', 'Added product to cart', 'Started checkout']",No clear barrier,Checkout,High,Follow up with the high-intent shopper,
OPP_00931,CUST_15542,Ishita Kapoor,Returning,NH004,Luxury Wavy Human Hair Extensions,Hair Extensions,10999,1,False,False,0,1,5312,Email,What types of hair extensions do you have?,2026-08-06 14:36:00,Not Purchased,0,10,Low,['Returning customer'],No clear barrier,Discovery,Normal,No immediate action required,
OPP_00932,CUST_45389,Ananya Patel,New,NH004,Luxury Wavy Human Hair Extensions,Hair Extensions,10999,2,False,False,0,0,0,WhatsApp,Can you tell me more about your products?,2026-08-17 19:22:00,Not Purchased,0,0,Low,[],No clear barrier,Discovery,Normal,No immediate action required,
OPP_00933,CUST_89389,Nisha Iyer,New,NH007,Hair Topper - Brown,Hair Toppers,8999,1,True,False,17998,0,0,Email,I'm just exploring your hair extensions. What do you recommend?,2026-08-13 00:48:00,Purchased,17998,35,Low,"['Added product to cart', 'High-value cart']",Product suitability,Cart,Normal,Recommend the most suitable product for the shopper,
OPP_00934,CUST_66299,Ananya Shah,New,NH001,Natural Black Clip-In Extensions,Hair Extensions,6999,2,True,False,13998,0,0,Instagram,Can I style and use heat on this hair?,2026-08-07 17:07:00,Not Purchased,0,35,Low,"['Added product to cart', 'High-value cart']",Product quality,Cart,Normal,Answer the shopper's product quality questions,
OPP_00935,CUST_58855,Vikram Rao,New,NH008,Natural Black Ponytail Extension,Ponytails,4999,6,True,True,9998,0,0,WhatsApp,I have dark brown hair. Which shade should I choose?,2026-08-06 11:22:00,Purchased,9998,80,High,"['Repeated product views', 'Added product to cart', 'Started checkout']",Color matching,Checkout,Normal,Help the shopper choose the closest color match,
OPP_00936,CUST_92564,Ananya Patel,Returning,NH010,Human Hair Wig - Natural Black,Wigs,14999,5,True,False,14999,4,19211,Website Chat,Is this real human hair?,2026-08-21 01:18:00,Purchased,14999,65,Medium,"['Repeated product views', 'Added product to cart', 'Returning customer', 'High-value cart']",Product quality,Cart,Normal,Answer the shopper's product quality questions,
OPP_00937,CUST_84270,Meera Sharma,New,NH008,Natural Black Ponytail Extension,Ponytails,4999,6,True,True,9998,0,0,Instagram,How many days will delivery take to my city?,2026-08-10 17:55:00,Purchased,9998,80,High,"['Repeated product views', 'Added product to cart', 'Started checkout']",Delivery,Checkout,Normal,Confirm delivery availability and expected delivery date,
OPP_00938,CUST_83716,Karan Singh,Returning,NH005,Invisible Tape Hair Extensions,Hair Extensions,11999,6,True,False,11999,2,6392,Instagram,Will this work for short hair?,2026-08-23 05:00:00,Not Purchased,0,65,Medium,"['Repeated product views', 'Added product to cart', 'Returning customer', 'High-value cart']",No clear barrier,Cart,Normal,Nurture the shopper and provide useful product information,
OPP_00939,CUST_65797,Ananya Desai,New,NH004,Luxury Wavy Human Hair Extensions,Hair Extensions,10999,6,True,False,10999,0,0,Website Chat,Will this match my natural hair color?,2026-08-05 01:31:00,Not Purchased,0,55,Medium,"['Repeated product views', 'Added product to cart', 'High-value cart']",Color matching,Cart,Normal,Help the shopper choose the closest color match,
OPP_00940,CUST_78758,Karan Mehta,Returning,NH009,Wavy Ponytail Extension,Ponytails,5499,2,True,True,5499,2,16934,Instagram,When will this product be back in stock?,2026-08-01 14:03:00,Purchased,5499,70,Medium,"['Added product to cart', 'Started checkout', 'Returning customer']",Availability,Checkout,Normal,Confirm product availability or expected restock,
OPP_00941,CUST_90622,Pooja Gupta,New,NH005,Invisible Tape Hair Extensions,Hair Extensions,11999,8,True,False,11999,0,0,Website Chat,I want to order this today. How do I proceed?,2026-08-07 23:29:00,Purchased,11999,55,Medium,"['Repeated product views', 'Added product to cart', 'High-value cart']",No clear barrier,Cart,High,Nurture the shopper and provide useful product information,
OPP_00942,CUST_27739,Ishita Singh,Returning,NH009,Wavy Ponytail Extension,Ponytails,5499,4,True,True,5499,5,28330,Instagram,Is this real human hair?,2026-08-08 14:30:00,Not Purchased,0,82,High,"['Multiple product views', 'Added product to cart', 'Started checkout', 'Returning customer']",Product quality,Checkout,Normal,Answer the shopper's product quality questions,"{'type': 'Loyalty discount', 'value': 10, 'description': '10% loyalty discount, up to ₹1,500'}"
OPP_00943,CUST_53389,Neha Sharma,New,NH007,Hair Topper - Brown,Hair Toppers,8999,2,True,True,8999,0,0,Instagram,Can I style and use heat on this hair?,2026-08-04 22:26:00,Purchased,8999,60,Medium,"['Added product to cart', 'Started checkout']",Product quality,Checkout,Normal,Answer the shopper's product quality questions,
OPP_00944,CUST_65858,Sanya Rao,New,NH002,Brown Wavy Clip-In Extensions,Hair Extensions,7499,3,True,True,7499,0,0,Email,Can I return it if it doesn't work for me?,2026-08-15 14:03:00,Purchased,7499,72,Medium,"['Multiple product views', 'Added product to cart', 'Started checkout']",Returns,Checkout,Normal,Explain the applicable return or exchange policy,
OPP_00945,CUST_44463,Sanya Patel,Returning,NH007,Hair Topper - Brown,Hair Toppers,8999,3,True,True,8999,5,39456,Website Chat,Can you help me select the closest shade?,2026-08-14 17:45:00,Purchased,8999,82,High,"['Multiple product views', 'Added product to cart', 'Started checkout', 'Returning customer']",Color matching,Checkout,Normal,Help the shopper choose the closest color match,
OPP_00946,CUST_90725,Karan Shah,New,NH007,Hair Topper - Brown,Hair Toppers,8999,2,False,False,0,0,0,Website Chat,What types of hair extensions do you have?,2026-08-19 04:49:00,Not Purchased,0,0,Low,[],No clear barrier,Discovery,Normal,No immediate action required,
OPP_00947,CUST_16840,Priya Singh,Returning,NH004,Luxury Wavy Human Hair Extensions,Hair Extensions,10999,4,True,True,10999,1,44299,Instagram,Do you have any offer running right now?,2026-08-16 12:05:00,Purchased,10999,92,High,"['Multiple product views', 'Added product to cart', 'Started checkout', 'Returning customer', 'High-value cart']",Price,Checkout,Normal,Address the price concern and share applicable offers,
OPP_00948,CUST_56529,Nisha Agarwal,New,NH008,Natural Black Ponytail Extension,Ponytails,4999,2,True,True,9998,0,0,Email,Can I style and use heat on this hair?,2026-08-03 03:42:00,Not Purchased,0,60,Medium,"['Added product to cart', 'Started checkout']",Product quality,Checkout,Normal,Answer the shopper's product quality questions,
OPP_00949,CUST_42838,Neha Singh,Returning,NH010,Human Hair Wig - Natural Black,Wigs,14999,2,False,False,0,2,22201,Instagram,Can you tell me more about your products?,2026-08-09 07:09:00,Not Purchased,0,10,Low,['Returning customer'],No clear barrier,Discovery,Normal,No immediate action required,
OPP_00950,CUST_65584,Kavya Gupta,New,NH003,Premium Straight Human Hair Extensions,Hair Extensions,8999,5,False,False,0,0,0,Website Chat,When will this product be back in stock?,2026-08-09 21:21:00,Not Purchased,0,20,Low,['Repeated product views'],Availability,Consideration,Normal,Confirm product availability or expected restock,
OPP_00951,CUST_58348,Simran Singh,Returning,NH003,Premium Straight Human Hair Extensions,Hair Extensions,8999,6,True,False,8999,1,16834,WhatsApp,Can I style and use heat on this hair?,2026-08-07 14:06:00,Purchased,8999,55,Medium,"['Repeated product views', 'Added product to cart', 'Returning customer']",Product quality,Cart,Normal,Answer the shopper's product quality questions,
OPP_00952,CUST_17500,Sanya Agarwal,New,NH001,Natural Black Clip-In Extensions,Hair Extensions,6999,5,True,False,6999,0,0,WhatsApp,Can you help me select the closest shade?,2026-08-22 11:34:00,Purchased,6999,45,Medium,"['Repeated product views', 'Added product to cart']",Color matching,Cart,Normal,Help the shopper choose the closest color match,
OPP_00953,CUST_81511,Neha Sharma,Returning,NH008,Natural Black Ponytail Extension,Ponytails,4999,5,False,False,0,6,33784,Email,Is this real human hair?,2026-08-15 07:44:00,Not Purchased,0,30,Low,"['Repeated product views', 'Returning customer']",Product quality,Consideration,Normal,Answer the shopper's product quality questions,
OPP_00954,CUST_81314,Simran Agarwal,Returning,NH003,Premium Straight Human Hair Extensions,Hair Extensions,8999,3,True,True,8999,2,12627,Website Chat,Can you confirm if this can be delivered by Friday?,2026-08-15 08:19:00,Purchased,8999,82,High,"['Multiple product views', 'Added product to cart', 'Started checkout', 'Returning customer']",Delivery,Checkout,High,Confirm delivery availability and expected delivery date,
OPP_00955,CUST_86919,Pooja Singh,New,NH001,Natural Black Clip-In Extensions,Hair Extensions,6999,4,False,False,0,0,0,WhatsApp,Can you help me select the closest shade?,2026-08-10 13:11:00,Purchased,0,12,Low,['Multiple product views'],Color matching,Consideration,Normal,Help the shopper choose the closest color match,
OPP_00956,CUST_68117,Aarav Kapoor,Returning,NH007,Hair Topper - Brown,Hair Toppers,8999,7,True,True,8999,6,8029,Website Chat,Can you confirm if this can be delivered by Friday?,2026-08-12 21:03:00,Purchased,8999,90,High,"['Repeated product views', 'Added product to cart', 'Started checkout', 'Returning customer']",Delivery,Checkout,High,Confirm delivery availability and expected delivery date,
OPP_00957,CUST_25429,Aditi Verma,New,NH007,Hair Topper - Brown,Hair Toppers,8999,1,False,False,0,0,0,WhatsApp,Can you tell me more about your products?,2026-08-22 13:03:00,Not Purchased,0,0,Low,[],No clear barrier,Discovery,Normal,No immediate action required,
OPP_00958,CUST_92132,Riya Iyer,New,NH008,Natural Black Ponytail Extension,Ponytails,4999,4,True,False,4999,0,0,Website Chat,I bought from you before. Do you have the same shade again?,2026-08-06 07:47:00,Purchased,4999,37,Low,"['Multiple product views', 'Added product to cart']",Color matching,Cart,Normal,Help the shopper choose the closest color match,
OPP_00959,CUST_27397,Nisha Sharma,New,NH006,Hair Topper - Natural Black,Hair Toppers,8499,4,True,True,8499,0,0,Instagram,I've purchased from you before. Is this the same quality?,2026-08-07 21:46:00,Purchased,8499,72,Medium,"['Multiple product views', 'Added product to cart', 'Started checkout']",Product quality,Checkout,Normal,Answer the shopper's product quality questions,
OPP_00960,CUST_48657,Simran Rao,New,NH003,Premium Straight Human Hair Extensions,Hair Extensions,8999,5,True,True,8999,0,0,Instagram,Can I return it if it doesn't work for me?,2026-08-03 11:28:00,Purchased,8999,80,High,"['Repeated product views', 'Added product to cart', 'Started checkout']",Returns,Checkout,Normal,Explain the applicable return or exchange policy,
OPP_00961,CUST_86706,Sneha Mehta,New,NH008,Natural Black Ponytail Extension,Ponytails,4999,6,True,False,4999,0,0,Website Chat,Do you have this in natural black right now?,2026-08-11 05:56:00,Purchased,4999,45,Medium,"['Repeated product views', 'Added product to cart']",No clear barrier,Cart,Normal,Nurture the shopper and provide useful product information,
OPP_00962,CUST_37619,Simran Shah,New,NH006,Hair Topper - Natural Black,Hair Toppers,8499,4,True,False,8499,0,0,Instagram,I have dark brown hair. Which shade should I choose?,2026-08-02 02:10:00,Purchased,8499,37,Low,"['Multiple product views', 'Added product to cart']",Color matching,Cart,Normal,Help the shopper choose the closest color match,
OPP_00963,CUST_96285,Sanya Sharma,New,NH002,Brown Wavy Clip-In Extensions,Hair Extensions,7499,5,True,False,7499,0,0,Email,Can you help me select the closest shade?,2026-08-03 18:07:00,Not Purchased,0,45,Medium,"['Repeated product views', 'Added product to cart']",Color matching,Cart,Normal,Help the shopper choose the closest color match,
OPP_00964,CUST_50144,Ishita Verma,Returning,NH006,Hair Topper - Natural Black,Hair Toppers,8499,4,True,False,8499,1,14403,Website Chat,Is this shade currently available?,2026-08-11 08:45:00,Not Purchased,0,47,Medium,"['Multiple product views', 'Added product to cart', 'Returning customer']",Color matching,Cart,Normal,Help the shopper choose the closest color match,
OPP_00965,CUST_41927,Simran Rao,New,NH010,Human Hair Wig - Natural Black,Wigs,14999,5,False,False,0,0,0,Email,Can I return it if it doesn't work for me?,2026-08-12 08:32:00,Not Purchased,0,20,Low,['Repeated product views'],Returns,Consideration,Normal,Explain the applicable return or exchange policy,
OPP_00966,CUST_45305,Sanya Desai,New,NH007,Hair Topper - Brown,Hair Toppers,8999,4,True,False,8999,0,0,WhatsApp,I want to order this today. How do I proceed?,2026-08-13 00:43:00,Purchased,8999,37,Low,"['Multiple product views', 'Added product to cart']",No clear barrier,Cart,High,No immediate action required,
OPP_00967,CUST_17051,Ananya Kapoor,Returning,NH003,Premium Straight Human Hair Extensions,Hair Extensions,8999,7,True,False,8999,5,38346,Website Chat,Do you have any offer running right now?,2026-08-11 19:31:00,Not Purchased,0,55,Medium,"['Repeated product views', 'Added product to cart', 'Returning customer']",Price,Cart,Normal,Address the price concern and share applicable offers,
OPP_00968,CUST_20534,Ishita Shah,New,NH007,Hair Topper - Brown,Hair Toppers,8999,4,True,True,8999,0,0,Website Chat,How many days will delivery take to my city?,2026-08-03 10:14:00,Purchased,8999,72,Medium,"['Multiple product views', 'Added product to cart', 'Started checkout']",Delivery,Checkout,Normal,Confirm delivery availability and expected delivery date,
OPP_00969,CUST_61648,Kavya Verma,New,NH004,Luxury Wavy Human Hair Extensions,Hair Extensions,10999,4,True,True,10999,0,0,Instagram,Can I return it if it doesn't work for me?,2026-08-17 10:41:00,Purchased,10999,82,High,"['Multiple product views', 'Added product to cart', 'Started checkout', 'High-value cart']",Returns,Checkout,Normal,Explain the applicable return or exchange policy,
OPP_00970,CUST_98440,Tanya Gupta,Returning,NH004,Luxury Wavy Human Hair Extensions,Hair Extensions,10999,4,True,True,10999,1,29400,Instagram,The price is a little high. Is there a better price available?,2026-08-03 00:08:00,Not Purchased,0,92,High,"['Multiple product views', 'Added product to cart', 'Started checkout', 'Returning customer', 'High-value cart']",Price,Checkout,Normal,Address the price concern and share applicable offers,"{'type': 'Fixed discount', 'value': 1000, 'description': '₹1,000 off on the current cart'}"
OPP_00971,CUST_40822,Pooja Joshi,New,NH006,Hair Topper - Natural Black,Hair Toppers,8499,1,False,False,0,0,0,Email,Can you tell me more about your products?,2026-08-20 02:35:00,Not Purchased,0,0,Low,[],No clear barrier,Discovery,Normal,No immediate action required,
OPP_00972,CUST_34637,Aarav Shah,New,NH001,Natural Black Clip-In Extensions,Hair Extensions,6999,1,False,False,0,0,0,Email,I'm just exploring your hair extensions. What do you recommend?,2026-08-03 11:42:00,Not Purchased,0,0,Low,[],Product suitability,Discovery,Normal,Recommend the most suitable product for the shopper,
OPP_00973,CUST_73000,Aarav Kapoor,New,NH006,Hair Topper - Natural Black,Hair Toppers,8499,4,True,True,16998,0,0,Instagram,Is there any discount available on this?,2026-08-05 02:18:00,Purchased,16998,82,High,"['Multiple product views', 'Added product to cart', 'Started checkout', 'High-value cart']",Price,Checkout,Normal,Address the price concern and share applicable offers,
OPP_00974,CUST_63015,Riya Mehta,Returning,NH007,Hair Topper - Brown,Hair Toppers,8999,2,False,False,0,1,34469,Email,What types of hair extensions do you have?,2026-08-14 10:51:00,Purchased,0,10,Low,['Returning customer'],No clear barrier,Discovery,Normal,No immediate action required,
OPP_00975,CUST_65372,Aarav Kapoor,New,NH009,Wavy Ponytail Extension,Ponytails,5499,5,False,False,0,0,0,Instagram,How long does the hair normally last?,2026-08-18 06:15:00,Not Purchased,0,20,Low,['Repeated product views'],Product quality,Consideration,Normal,Answer the shopper's product quality questions,
OPP_00976,CUST_53917,Vikram Joshi,New,NH002,Brown Wavy Clip-In Extensions,Hair Extensions,7499,2,False,False,0,0,0,WhatsApp,What types of hair extensions do you have?,2026-08-23 16:36:00,Not Purchased,0,0,Low,[],No clear barrier,Discovery,Normal,No immediate action required,
OPP_00977,CUST_90546,Rahul Desai,New,NH007,Hair Topper - Brown,Hair Toppers,8999,2,True,True,8999,0,0,WhatsApp,When will this product be back in stock?,2026-08-07 18:51:00,Purchased,8999,60,Medium,"['Added product to cart', 'Started checkout']",Availability,Checkout,Normal,Confirm product availability or expected restock,
OPP_00978,CUST_54231,Nisha Iyer,New,NH001,Natural Black Clip-In Extensions,Hair Extensions,6999,4,True,False,6999,0,0,WhatsApp,Can I style and use heat on this hair?,2026-08-07 10:56:00,Purchased,6999,37,Low,"['Multiple product views', 'Added product to cart']",Product quality,Cart,Normal,Answer the shopper's product quality questions,
OPP_00979,CUST_14798,Vikram Rao,New,NH003,Premium Straight Human Hair Extensions,Hair Extensions,8999,5,True,False,8999,0,0,Instagram,Is this shade currently available?,2026-08-05 08:42:00,Purchased,8999,45,Medium,"['Repeated product views', 'Added product to cart']",Color matching,Cart,Normal,Help the shopper choose the closest color match,
OPP_00980,CUST_55270,Rahul Rao,New,NH002,Brown Wavy Clip-In Extensions,Hair Extensions,7499,4,True,True,14998,0,0,Website Chat,The price is a little high. Is there a better price available?,2026-08-20 01:05:00,Not Purchased,0,82,High,"['Multiple product views', 'Added product to cart', 'Started checkout', 'High-value cart']",Price,Checkout,Normal,Address the price concern and share applicable offers,"{'type': 'Fixed discount', 'value': 1000, 'description': '₹1,000 off on the current cart'}"
OPP_00981,CUST_93599,Neha Desai,New,NH009,Wavy Ponytail Extension,Ponytails,5499,5,True,True,5499,0,0,WhatsApp,How many days will delivery take to my city?,2026-08-22 11:30:00,Purchased,5499,80,High,"['Repeated product views', 'Added product to cart', 'Started checkout']",Delivery,Checkout,Normal,Confirm delivery availability and expected delivery date,
OPP_00982,CUST_66811,Neha Iyer,New,NH005,Invisible Tape Hair Extensions,Hair Extensions,11999,8,True,True,11999,0,0,Website Chat,Can you confirm if this can be delivered by Friday?,2026-08-07 07:31:00,Not Purchased,0,90,High,"['Repeated product views', 'Added product to cart', 'Started checkout', 'High-value cart']",Delivery,Checkout,High,Confirm delivery availability and expected delivery date,
OPP_00983,CUST_85148,Karan Shah,New,NH005,Invisible Tape Hair Extensions,Hair Extensions,11999,3,False,False,0,0,0,Instagram,Can I return it if it doesn't work for me?,2026-08-18 08:53:00,Purchased,0,12,Low,['Multiple product views'],Returns,Consideration,Normal,Explain the applicable return or exchange policy,
OPP_00984,CUST_63370,Kavya Sharma,New,NH003,Premium Straight Human Hair Extensions,Hair Extensions,8999,6,True,True,8999,0,0,Instagram,Can you help me select the closest shade?,2026-08-04 07:52:00,Purchased,8999,80,High,"['Repeated product views', 'Added product to cart', 'Started checkout']",Color matching,Checkout,Normal,Help the shopper choose the closest color match,
OPP_00985,CUST_90135,Nisha Rao,New,NH005,Invisible Tape Hair Extensions,Hair Extensions,11999,4,True,True,11999,0,0,Instagram,Do you offer EMI or other payment options?,2026-08-10 22:47:00,Purchased,11999,82,High,"['Multiple product views', 'Added product to cart', 'Started checkout', 'High-value cart']",Price,Checkout,Normal,Address the price concern and share applicable offers,
OPP_00986,CUST_29893,Rahul Agarwal,New,NH010,Human Hair Wig - Natural Black,Wigs,14999,6,True,True,14999,0,0,Instagram,Is this shade currently available?,2026-08-13 11:40:00,Not Purchased,0,90,High,"['Repeated product views', 'Added product to cart', 'Started checkout', 'High-value cart']",Color matching,Checkout,Normal,Help the shopper choose the closest color match,
OPP_00987,CUST_20303,Karan Singh,New,NH003,Premium Straight Human Hair Extensions,Hair Extensions,8999,2,False,False,0,0,0,Email,Which one would be best for thin hair?,2026-08-06 02:21:00,Not Purchased,0,0,Low,[],Product suitability,Discovery,Normal,Recommend the most suitable product for the shopper,
OPP_00988,CUST_31854,Shreya Joshi,New,NH009,Wavy Ponytail Extension,Ponytails,5499,4,True,False,5499,0,0,Instagram,Will this work for short hair?,2026-08-18 18:45:00,Not Purchased,0,37,Low,"['Multiple product views', 'Added product to cart']",No clear barrier,Cart,Normal,No immediate action required,
OPP_00989,CUST_59601,Shreya Agarwal,Returning,NH001,Natural Black Clip-In Extensions,Hair Extensions,6999,1,False,False,0,3,40466,WhatsApp,What types of hair extensions do you have?,2026-08-10 09:07:00,Not Purchased,0,10,Low,['Returning customer'],No clear barrier,Discovery,Normal,No immediate action required,
OPP_00990,CUST_62575,Vikram Desai,New,NH004,Luxury Wavy Human Hair Extensions,Hair Extensions,10999,5,True,True,10999,0,0,Email,I need this for a wedding next Saturday. Can it reach me before then?,2026-08-10 21:22:00,Purchased,10999,90,High,"['Repeated product views', 'Added product to cart', 'Started checkout', 'High-value cart']",Delivery,Checkout,High,Confirm delivery availability and expected delivery date,
OPP_00991,CUST_92984,Aditi Singh,New,NH010,Human Hair Wig - Natural Black,Wigs,14999,1,False,False,0,0,0,Instagram,What types of hair extensions do you have?,2026-08-20 22:09:00,Not Purchased,0,0,Low,[],No clear barrier,Discovery,Normal,No immediate action required,
OPP_00992,CUST_79817,Aditi Iyer,New,NH007,Hair Topper - Brown,Hair Toppers,8999,5,True,False,17998,0,0,Instagram,Can I style and use heat on this hair?,2026-08-05 07:04:00,Purchased,17998,55,Medium,"['Repeated product views', 'Added product to cart', 'High-value cart']",Product quality,Cart,Normal,Answer the shopper's product quality questions,
OPP_00993,CUST_91254,Arjun Patel,New,NH002,Brown Wavy Clip-In Extensions,Hair Extensions,7499,5,True,False,7499,0,0,Instagram,Will this match my natural hair color?,2026-08-08 18:30:00,Purchased,7499,45,Medium,"['Repeated product views', 'Added product to cart']",Color matching,Cart,Normal,Help the shopper choose the closest color match,
OPP_00994,CUST_12977,Shreya Iyer,New,NH010,Human Hair Wig - Natural Black,Wigs,14999,5,False,False,0,0,0,Instagram,What is your return policy if the shade doesn't match?,2026-08-20 17:22:00,Not Purchased,0,20,Low,['Repeated product views'],Color matching,Consideration,Normal,Help the shopper choose the closest color match,
OPP_00995,CUST_36186,Aditi Mehta,New,NH003,Premium Straight Human Hair Extensions,Hair Extensions,8999,1,False,False,0,0,0,Email,What types of hair extensions do you have?,2026-08-21 17:29:00,Not Purchased,0,0,Low,[],No clear barrier,Discovery,Normal,No immediate action required,
OPP_00996,CUST_41704,Ishita Verma,New,NH001,Natural Black Clip-In Extensions,Hair Extensions,6999,3,False,False,0,0,0,WhatsApp,Can I style and use heat on this hair?,2026-08-20 10:35:00,Not Purchased,0,12,Low,['Multiple product views'],Product quality,Consideration,Normal,Answer the shopper's product quality questions,
OPP_00997,CUST_71631,Sneha Patel,Returning,NH006,Hair Topper - Natural Black,Hair Toppers,8499,2,True,True,16998,2,20047,Instagram,How long does the hair normally last?,2026-08-21 11:25:00,Not Purchased,0,80,High,"['Added product to cart', 'Started checkout', 'Returning customer', 'High-value cart']",Product quality,Checkout,Normal,Answer the shopper's product quality questions,"{'type': 'Loyalty discount', 'value': 10, 'description': '10% loyalty discount, up to ₹1,500'}"
OPP_00998,CUST_17836,Nisha Iyer,New,NH009,Wavy Ponytail Extension,Ponytails,5499,1,False,False,0,0,0,Instagram,Can you tell me more about your products?,2026-08-18 20:50:00,Not Purchased,0,0,Low,[],No clear barrier,Discovery,Normal,No immediate action required,
OPP_00999,CUST_29134,Simran Iyer,New,NH001,Natural Black Clip-In Extensions,Hair Extensions,6999,2,False,False,0,0,0,WhatsApp,Can you tell me more about your products?,2026-08-05 05:16:00,Not Purchased,0,0,Low,[],No clear barrier,Discovery,Normal,No immediate action required,
OPP_01000,CUST_22730,Aditi Malhotra,New,NH006,Hair Topper - Natural Black,Hair Toppers,8499,3,False,False,0,0,0,WhatsApp,Will this work for short hair?,2026-08-21 20:04:00,Not Purchased,0,12,Low,['Multiple product views'],No clear barrier,Consideration,Normal,No immediate action required,
